id,first_name,last_name,email,gender,ip_address
1,Neron,Maudett,nmaudett0@nydailynews.com,Non-binary,248.12.134.152
2,Rozanne,Drees,rdrees1@geocities.com,Bigender,8.25.28.94
3,Juan,Matterface,jmatterface2@apache.org,Agender,253.5.186.253
4,Orlan,Brierly,obrierly3@constantcontact.com,Agender,157.64.19.95
5,Melisa,Stolberg,mstolberg4@mapy.cz,Female,91.103.6.7
6,Bearnard,Dunhill,bdunhill5@networkadvertising.org,Male,232.147.130.46
7,Ebeneser,Caris,ecaris6@icq.com,Agender,171.184.167.164
8,Juliette,Davers,jdavers7@ibm.com,Male,142.86.80.218
9,Melony,Benford,mbenford8@de.vu,Female,192.10.137.9
10,Melisande,Luckcock,mluckcock9@feedburner.com,Genderfluid,59.174.183.202
11,Dukey,Mossom,dmossoma@geocities.jp,Genderqueer,13.166.161.228
12,Garvey,Bugg,gbuggb@typepad.com,Genderqueer,39.73.91.202
13,Royall,Garza,rgarzac@webeden.co.uk,Genderfluid,35.137.65.42
14,Thornton,Larkins,tlarkinsd@mashable.com,Genderqueer,95.26.147.37
15,Abagail,Grayling,agraylinge@sogou.com,Male,25.133.206.254
16,Sharl,Moiser,smoiserf@myspace.com,Female,154.55.43.32
17,Brynne,Siddaley,bsiddaleyg@go.com,Genderqueer,72.1.189.249
18,Joane,Menary,jmenaryh@biglobe.ne.jp,Female,115.252.36.207
19,Fairfax,Stodd,fstoddi@google.es,Polygender,99.235.94.103
20,Simona,Schiersch,sschierschj@miitbeian.gov.cn,Non-binary,134.11.215.166
21,Denny,Dinan,ddinank@dailymail.co.uk,Genderfluid,194.216.34.241
22,Erica,Faireclough,efairecloughl@a8.net,Genderfluid,96.88.27.224
23,Christiane,Rhubottom,crhubottomm@rambler.ru,Agender,3.88.81.102
24,Honey,Acarson,hacarsonn@techcrunch.com,Non-binary,96.26.56.152
25,Darya,Keuntje,dkeuntjeo@nasa.gov,Female,14.39.216.246
26,Alyda,Kinane,akinanep@icq.com,Genderfluid,121.255.127.75
27,Ulberto,Noads,unoadsq@people.com.cn,Agender,222.156.44.120
28,Tobin,Holah,tholahr@sbwire.com,Male,4.162.25.39
29,Mohammed,Giacovetti,mgiacovettis@mapquest.com,Male,130.236.14.127
30,Gibb,Scrane,gscranet@ftc.gov,Genderqueer,95.206.200.5
31,Mala,Ciobutaru,mciobutaruu@google.com.au,Male,22.136.64.125
32,Renault,Chelley,rchelleyv@ft.com,Genderfluid,118.34.143.112
33,Goldia,Treske,gtreskew@techcrunch.com,Polygender,112.220.156.184
34,Joyous,Larrett,jlarrettx@qq.com,Genderfluid,171.162.251.122
35,Lanita,MacKee,lmackeey@wufoo.com,Bigender,68.204.137.126
36,Trev,Scargill,tscargillz@friendfeed.com,Genderqueer,19.65.228.247
37,Darice,Starmont,dstarmont10@bloglines.com,Polygender,0.86.193.81
38,Dennet,Hubatsch,dhubatsch11@rediff.com,Agender,179.92.48.106
39,Anet,Stallen,astallen12@narod.ru,Bigender,111.103.252.94
40,Linn,Wandrack,lwandrack13@newsvine.com,Female,116.236.206.91
41,Wilona,Devall,wdevall14@lulu.com,Genderfluid,105.12.4.17
42,Aloysia,Turneux,aturneux15@google.pl,Non-binary,150.63.131.217
43,Dewitt,Leander,dleander16@weebly.com,Polygender,80.165.108.47
44,Lise,Braddock,lbraddock17@opera.com,Genderfluid,121.250.238.144
45,Shae,Effemy,seffemy18@privacy.gov.au,Genderqueer,159.155.223.58
46,Lem,Dunley,ldunley19@google.com,Female,144.133.137.229
47,Oliviero,Deville,odeville1a@opensource.org,Genderqueer,193.194.251.203
48,Roseline,Showering,rshowering1b@netvibes.com,Polygender,63.209.206.239
49,Noel,Thurber,nthurber1c@drupal.org,Bigender,84.43.84.95
50,Shelby,Kimberly,skimberly1d@economist.com,Male,7.229.231.224
51,Dorena,Scragg,dscragg1e@tinypic.com,Male,72.11.193.236
52,Chrysler,Barkhouse,cbarkhouse1f@behance.net,Female,175.246.8.98
53,Conan,Coslitt,ccoslitt1g@ucsd.edu,Male,8.246.227.45
54,Nickolaus,Castagno,ncastagno1h@addthis.com,Agender,219.42.140.168
55,Vivian,Shenton,vshenton1i@slashdot.org,Genderqueer,109.161.166.216
56,Penny,Mathison,pmathison1j@wsj.com,Polygender,42.20.152.238
57,Toddy,Rowland,trowland1k@narod.ru,Female,83.26.79.111
58,Jessey,Scyner,jscyner1l@umn.edu,Non-binary,89.74.67.143
59,Rawley,Polk,rpolk1m@alibaba.com,Bigender,253.62.110.109
60,Carolynn,Shildrick,cshildrick1n@apple.com,Female,228.72.152.37
61,Dexter,Laffin,dlaffin1o@sun.com,Bigender,36.119.91.156
62,Arlan,Castanaga,acastanaga1p@icio.us,Genderqueer,157.85.167.251
63,Gustaf,Binstead,gbinstead1q@digg.com,Non-binary,136.164.86.120
64,Justino,Ainscough,jainscough1r@geocities.jp,Non-binary,22.165.87.181
65,Caria,Arpino,carpino1s@google.com.br,Female,199.132.65.174
66,Mattie,Keenlyside,mkeenlyside1t@delicious.com,Agender,96.233.197.200
67,Bonni,Cartmale,bcartmale1u@imgur.com,Bigender,105.19.184.11
68,Thor,Adicot,tadicot1v@squidoo.com,Male,31.110.75.146
69,Eleonore,Millam,emillam1w@amazon.com,Female,235.55.171.232
70,Georgette,Shasnan,gshasnan1x@meetup.com,Non-binary,250.185.218.136
71,Rik,Doldon,rdoldon1y@marriott.com,Agender,156.252.151.248
72,Andrej,Sapwell,asapwell1z@gmpg.org,Polygender,214.177.101.168
73,Craig,Scrinage,cscrinage20@foxnews.com,Agender,232.47.234.202
74,Maitilde,Timmis,mtimmis21@com.com,Male,249.153.239.27
75,Marcie,Gabbett,mgabbett22@blogs.com,Bigender,129.51.128.248
76,Osborne,Lusher,olusher23@chron.com,Genderfluid,100.204.48.228
77,Boigie,Draye,bdraye24@biglobe.ne.jp,Bigender,182.171.177.50
78,Marline,Willimot,mwillimot25@mayoclinic.com,Agender,110.107.47.110
79,Ned,Fairfull,nfairfull26@msn.com,Non-binary,143.236.157.196
80,Yehudi,Kevlin,ykevlin27@google.it,Non-binary,5.186.91.42
81,Clare,Kobpal,ckobpal28@edublogs.org,Agender,77.179.83.75
82,Sarena,Lukianovich,slukianovich29@google.it,Male,239.32.188.72
83,Brett,De Roeck,bderoeck2a@dot.gov,Genderfluid,134.118.79.150
84,Timmi,Crellin,tcrellin2b@artisteer.com,Male,24.161.228.230
85,Fleming,Lantry,flantry2c@illinois.edu,Male,37.132.122.246
86,Electra,Scutt,escutt2d@springer.com,Genderfluid,241.23.8.99
87,Thedrick,McRinn,tmcrinn2e@gizmodo.com,Female,213.139.34.119
88,Deni,Caen,dcaen2f@cdbaby.com,Non-binary,121.1.74.226
89,Salomo,Rowsel,srowsel2g@weebly.com,Bigender,94.92.169.207
90,Glynis,Girling,ggirling2h@toplist.cz,Male,238.10.32.114
91,Edythe,Praundl,epraundl2i@weather.com,Genderfluid,142.88.44.253
92,Gwenette,Jannequin,gjannequin2j@pcworld.com,Genderfluid,150.105.232.126
93,Michell,Bretland,mbretland2k@businesswire.com,Genderqueer,171.80.230.82
94,Barnabas,Hollyard,bhollyard2l@ibm.com,Female,39.212.68.72
95,Karil,Geistbeck,kgeistbeck2m@elpais.com,Genderqueer,39.232.8.94
96,Winny,Hughlock,whughlock2n@google.nl,Non-binary,248.210.81.197
97,Rosemonde,Millom,rmillom2o@fema.gov,Polygender,94.233.172.238
98,Alistair,Naile,anaile2p@dailymail.co.uk,Bigender,207.216.205.120
99,Dannye,Onraet,donraet2q@amazon.co.uk,Genderqueer,123.153.187.57
100,Wandis,Gipp,wgipp2r@wix.com,Genderfluid,65.181.177.67
101,Killian,Carnow,kcarnow2s@pbs.org,Genderfluid,229.69.65.89
102,Maurice,Windibank,mwindibank2t@mit.edu,Male,122.227.87.253
103,Milissent,Haugh,mhaugh2u@networkadvertising.org,Polygender,46.158.82.183
104,Alano,Stenson,astenson2v@wsj.com,Genderqueer,81.138.15.235
105,Clementine,Canto,ccanto2w@xrea.com,Genderqueer,34.144.43.183
106,Alberta,Gammage,agammage2x@cocolog-nifty.com,Bigender,166.26.16.180
107,Petronia,Pashenkov,ppashenkov2y@howstuffworks.com,Genderfluid,167.91.205.77
108,Leisha,Lott,llott2z@senate.gov,Genderfluid,108.206.144.172
109,Caralie,Chishull,cchishull30@google.co.uk,Female,94.223.26.31
110,Murry,Billborough,mbillborough31@ucoz.ru,Genderfluid,111.228.2.121
111,Madelene,Belison,mbelison32@wisc.edu,Genderqueer,117.89.177.34
112,Jayme,Humbatch,jhumbatch33@howstuffworks.com,Genderfluid,222.18.20.39
113,Marissa,Dearan,mdearan34@wunderground.com,Non-binary,245.173.232.55
114,Annice,Cale,acale35@hugedomains.com,Genderqueer,245.173.40.41
115,Dieter,Ferrari,dferrari36@opensource.org,Agender,205.217.242.154
116,Aileen,Corbitt,acorbitt37@reuters.com,Bigender,146.42.208.50
117,Tobe,Lawerence,tlawerence38@whitehouse.gov,Polygender,197.45.110.187
118,Gualterio,Bortoluzzi,gbortoluzzi39@patch.com,Female,48.129.195.136
119,Delores,Instrell,dinstrell3a@topsy.com,Genderfluid,55.228.29.239
120,Papagena,Blaxland,pblaxland3b@japanpost.jp,Male,186.0.135.130
121,Esme,de Clerq,edeclerq3c@cbslocal.com,Non-binary,67.95.46.85
122,Addy,Mabbe,amabbe3d@oaic.gov.au,Female,208.228.16.114
123,Haskell,Marconi,hmarconi3e@a8.net,Male,137.144.47.132
124,Frankie,Scothron,fscothron3f@list-manage.com,Bigender,46.118.153.0
125,Karlan,O'Neal,koneal3g@phpbb.com,Genderqueer,35.94.147.230
126,Dorian,Strood,dstrood3h@constantcontact.com,Polygender,135.8.225.179
127,Flinn,Gluyus,fgluyus3i@moonfruit.com,Polygender,102.117.76.165
128,Gwendolen,Strephan,gstrephan3j@utexas.edu,Agender,189.41.147.106
129,Angelico,Wauchope,awauchope3k@com.com,Agender,232.203.68.141
130,Michaella,Ofen,mofen3l@canalblog.com,Bigender,45.99.7.191
131,Wheeler,Baudesson,wbaudesson3m@php.net,Male,104.246.48.143
132,Amble,Beddo,abeddo3n@go.com,Genderqueer,181.85.62.1
133,Pen,Eagell,peagell3o@artisteer.com,Bigender,156.58.4.12
134,Gaye,Burleigh,gburleigh3p@blogger.com,Female,76.206.108.111
135,Solomon,Jovey,sjovey3q@ft.com,Genderfluid,37.171.244.11
136,Henka,Fehely,hfehely3r@engadget.com,Genderfluid,9.70.129.150
137,Evangelia,Thombleson,ethombleson3s@jigsy.com,Genderfluid,4.206.209.36
138,Iggie,Maystone,imaystone3t@marriott.com,Genderqueer,35.145.51.201
139,Hercules,Songer,hsonger3u@ow.ly,Bigender,138.235.117.191
140,Carmelita,Davidson,cdavidson3v@google.de,Bigender,46.161.143.128
141,Marc,Blakebrough,mblakebrough3w@statcounter.com,Polygender,148.113.171.108
142,Rich,Mingard,rmingard3x@vinaora.com,Polygender,175.7.252.186
143,Zahara,Challender,zchallender3y@nifty.com,Polygender,194.84.186.42
144,Minna,Antonucci,mantonucci3z@163.com,Non-binary,112.171.215.188
145,Aliza,Bolam,abolam40@fema.gov,Genderqueer,105.61.208.197
146,Lou,McIllrick,lmcillrick41@stanford.edu,Genderfluid,195.90.186.237
147,Maribeth,Deesly,mdeesly42@slideshare.net,Genderfluid,192.62.65.65
148,Fernanda,Shercliff,fshercliff43@mtv.com,Agender,126.160.219.103
149,Melosa,Ablitt,mablitt44@odnoklassniki.ru,Female,34.3.110.35
150,Opaline,Gildroy,ogildroy45@buzzfeed.com,Genderfluid,228.104.20.65
151,Alejoa,Gorvin,agorvin46@github.com,Female,236.67.50.210
152,Doug,Arrow,darrow47@shinystat.com,Non-binary,64.13.131.227
153,Allyn,Peagrim,apeagrim48@prweb.com,Agender,134.182.172.132
154,Heddi,Geipel,hgeipel49@nifty.com,Genderqueer,132.241.42.226
155,Anett,Curnokk,acurnokk4a@cbc.ca,Male,163.231.135.39
156,Teddie,Cotman,tcotman4b@dedecms.com,Genderfluid,133.75.139.60
157,Sebastien,Goldsack,sgoldsack4c@redcross.org,Female,69.177.195.105
158,Berkeley,Ballston,bballston4d@mapquest.com,Agender,26.137.69.20
159,Kristofor,Dowker,kdowker4e@symantec.com,Agender,150.159.218.45
160,Latrina,Eliff,leliff4f@ucoz.com,Genderfluid,202.182.238.20
161,Kane,Stollberg,kstollberg4g@sun.com,Agender,89.136.31.228
162,Mickie,Jagoe,mjagoe4h@china.com.cn,Non-binary,227.171.125.19
163,Tedie,Wylie,twylie4i@smugmug.com,Non-binary,65.212.53.186
164,Jeddy,Chapelhow,jchapelhow4j@github.io,Non-binary,227.109.165.249
165,Noby,Abilowitz,nabilowitz4k@addtoany.com,Male,30.215.180.175
166,Matilda,Roback,mroback4l@cam.ac.uk,Bigender,101.245.249.51
167,Norton,Mc Faul,nmcfaul4m@myspace.com,Bigender,83.215.75.100
168,Katherina,Sircomb,ksircomb4n@hp.com,Non-binary,37.177.90.214
169,Kylynn,Ninnoli,kninnoli4o@ftc.gov,Agender,19.56.215.36
170,Rozalin,Yakuntzov,ryakuntzov4p@live.com,Non-binary,87.9.62.79
171,Fredek,Cadney,fcadney4q@google.de,Female,181.84.2.208
172,Valli,Skippen,vskippen4r@reverbnation.com,Male,139.177.30.115
173,Shaun,Ranshaw,sranshaw4s@mit.edu,Genderqueer,64.253.41.78
174,Dodi,Alliott,dalliott4t@plala.or.jp,Genderqueer,219.234.101.67
175,Michel,McShane,mmcshane4u@marketwatch.com,Genderfluid,167.230.122.164
176,Freedman,Dowers,fdowers4v@delicious.com,Genderqueer,201.108.137.118
177,Scarface,Coyish,scoyish4w@hatena.ne.jp,Genderfluid,64.170.175.32
178,Robbie,Anderl,randerl4x@netlog.com,Genderfluid,9.212.147.186
179,Elnora,Quinion,equinion4y@delicious.com,Non-binary,210.196.235.194
180,Emmy,Puddephatt,epuddephatt4z@unc.edu,Genderqueer,129.145.213.12
181,Mead,Mertel,mmertel50@wired.com,Genderqueer,166.229.53.60
182,Odessa,Terram,oterram51@google.it,Genderfluid,113.130.212.18
183,Hyman,Basketter,hbasketter52@washington.edu,Female,244.229.54.196
184,Caryl,Mart,cmart53@youku.com,Polygender,90.15.126.47
185,Fan,Hulett,fhulett54@nifty.com,Genderfluid,79.126.192.79
186,Idelle,Verson,iverson55@usa.gov,Female,95.75.202.105
187,Liuka,Lintall,llintall56@icio.us,Genderqueer,92.133.186.43
188,Trish,Beadel,tbeadel57@hc360.com,Female,178.140.165.68
189,Arley,Bembridge,abembridge58@patch.com,Polygender,246.2.132.184
190,Benedikta,Golder,bgolder59@umn.edu,Non-binary,117.227.220.80
191,Kylie,Kehri,kkehri5a@salon.com,Male,51.200.43.63
192,Winthrop,Larrington,wlarrington5b@amazonaws.com,Female,178.201.140.173
193,Erskine,Mundee,emundee5c@bbb.org,Female,58.78.90.196
194,Joshua,Rootham,jrootham5d@wisc.edu,Bigender,219.224.156.165
195,Verina,Clowton,vclowton5e@newyorker.com,Female,249.143.30.95
196,Lura,Scranny,lscranny5f@msn.com,Polygender,213.107.12.238
197,Silvano,Rosthorn,srosthorn5g@nytimes.com,Non-binary,191.8.109.181
198,Alfie,Gibbings,agibbings5h@washingtonpost.com,Non-binary,38.51.221.208
199,Daven,Colkett,dcolkett5i@elpais.com,Polygender,252.55.70.183
200,Willetta,Poizer,wpoizer5j@pbs.org,Non-binary,68.24.23.220
201,Tressa,Leydon,tleydon5k@answers.com,Female,190.80.209.30
202,Mort,Symonds,msymonds5l@bizjournals.com,Genderqueer,241.211.2.67
203,Erinn,Boyson,eboyson5m@icio.us,Male,41.167.46.106
204,Troy,Cabrales,tcabrales5n@tamu.edu,Non-binary,183.245.19.188
205,Warden,Huckstepp,whuckstepp5o@msn.com,Bigender,37.251.238.176
206,Ezechiel,Askey,easkey5p@engadget.com,Non-binary,23.61.141.129
207,Kittie,Ramsbottom,kramsbottom5q@unblog.fr,Non-binary,103.218.174.92
208,Wyn,Tebald,wtebald5r@barnesandnoble.com,Genderqueer,118.21.115.91
209,Tybalt,Yarnall,tyarnall5s@mysql.com,Female,29.62.215.7
210,Gui,Pifford,gpifford5t@howstuffworks.com,Agender,211.7.50.176
211,Priscella,Oller,poller5u@pen.io,Female,78.27.243.123
212,Quintina,Cordrey,qcordrey5v@forbes.com,Polygender,58.191.158.210
213,Shari,Doret,sdoret5w@rambler.ru,Bigender,103.252.141.122
214,Deeann,Bladon,dbladon5x@chronoengine.com,Genderqueer,49.18.139.197
215,Blondie,Grenfell,bgrenfell5y@prweb.com,Bigender,230.167.38.129
216,Christina,Upex,cupex5z@meetup.com,Genderqueer,163.126.25.25
217,Gabriele,Marriott,gmarriott60@4shared.com,Non-binary,70.213.237.206
218,Jobye,Tomicki,jtomicki61@china.com.cn,Agender,127.252.145.143
219,Wheeler,Blenkiron,wblenkiron62@1und1.de,Genderfluid,7.186.234.248
220,Cordie,Scotsbrook,cscotsbrook63@studiopress.com,Genderfluid,196.192.178.25
221,Dugald,Robeiro,drobeiro64@dyndns.org,Male,48.81.44.162
222,Robenia,Bruntje,rbruntje65@imgur.com,Bigender,92.81.36.199
223,Hugh,Bartalucci,hbartalucci66@ehow.com,Non-binary,209.131.128.138
224,Georgianna,McCloid,gmccloid67@imgur.com,Non-binary,176.88.198.26
225,Matti,Russel,mrussel68@virginia.edu,Bigender,75.34.145.117
226,Trueman,Huleatt,thuleatt69@sohu.com,Agender,166.247.93.110
227,Penny,Vedishchev,pvedishchev6a@nba.com,Polygender,134.139.175.206
228,Darice,Seckington,dseckington6b@guardian.co.uk,Male,20.46.254.189
229,Maggie,Taylorson,mtaylorson6c@paypal.com,Non-binary,89.133.143.31
230,Ruddie,Franchioni,rfranchioni6d@bandcamp.com,Male,73.115.147.73
231,Gabe,Shilburne,gshilburne6e@123-reg.co.uk,Male,109.130.35.34
232,Grant,Beasley,gbeasley6f@jigsy.com,Polygender,59.216.54.155
233,Georgina,Wyer,gwyer6g@japanpost.jp,Male,62.129.179.48
234,Melodie,Osbidston,mosbidston6h@de.vu,Bigender,164.77.61.18
235,Chad,Hillburn,chillburn6i@about.com,Genderqueer,45.249.136.176
236,Rikki,Mellem,rmellem6j@zdnet.com,Agender,157.212.110.163
237,Lurlene,Sedgeman,lsedgeman6k@wufoo.com,Female,159.34.234.37
238,Emma,Palleske,epalleske6l@mozilla.com,Agender,90.39.91.229
239,Casar,Greenly,cgreenly6m@quantcast.com,Bigender,159.192.217.36
240,Marlee,Daulby,mdaulby6n@ox.ac.uk,Genderqueer,146.37.172.4
241,Gauthier,Rummin,grummin6o@taobao.com,Male,3.200.87.119
242,Tammy,Walenta,twalenta6p@biblegateway.com,Genderqueer,187.136.67.127
243,Steve,Bonifas,sbonifas6q@angelfire.com,Agender,133.73.130.37
244,Anthea,Leipold,aleipold6r@weather.com,Male,13.8.85.248
245,Norton,Flatte,nflatte6s@com.com,Non-binary,130.243.16.36
246,Reid,Poure,rpoure6t@bizjournals.com,Bigender,221.65.92.7
247,Benedicto,Sharpe,bsharpe6u@soundcloud.com,Agender,124.141.9.30
248,Brynne,Lillicrop,blillicrop6v@youku.com,Bigender,83.78.45.162
249,Jolynn,Escalera,jescalera6w@amazon.co.jp,Genderqueer,158.244.186.211
250,Lemmie,Drejer,ldrejer6x@usda.gov,Bigender,118.130.100.150
251,Farra,Bullerwell,fbullerwell6y@ebay.co.uk,Female,191.229.65.36
252,Lark,Gladtbach,lgladtbach6z@microsoft.com,Agender,221.36.234.235
253,Haven,Hallex,hhallex70@virginia.edu,Genderfluid,49.57.170.139
254,Diannne,Burnep,dburnep71@bravesites.com,Genderqueer,96.13.87.1
255,Sherilyn,Ege,sege72@topsy.com,Non-binary,37.135.218.97
256,Alidia,Godwin,agodwin73@imageshack.us,Genderqueer,171.53.248.237
257,Consalve,Oehme,coehme74@odnoklassniki.ru,Genderqueer,58.104.33.121
258,Burnard,Pavey,bpavey75@amazon.de,Polygender,114.154.122.55
259,Adolpho,de Castelain,adecastelain76@google.es,Polygender,75.234.113.97
260,Sophia,Trusty,strusty77@msu.edu,Non-binary,231.26.38.239
261,Mildrid,Laddle,mladdle78@unesco.org,Female,247.140.208.124
262,Jillian,Robrow,jrobrow79@redcross.org,Agender,142.58.190.41
263,Jimmy,Doelle,jdoelle7a@mysql.com,Male,131.247.135.8
264,Buckie,Flatt,bflatt7b@deviantart.com,Genderqueer,191.20.127.165
265,Andreana,Gronw,agronw7c@topsy.com,Agender,180.189.236.3
266,Evonne,Freckelton,efreckelton7d@reuters.com,Female,223.40.54.78
267,Herold,Faust,hfaust7e@dagondesign.com,Male,222.191.201.220
268,Delinda,Crumley,dcrumley7f@skyrock.com,Male,174.71.159.114
269,Simone,Hucquart,shucquart7g@abc.net.au,Male,58.58.212.149
270,Hilliary,Farnall,hfarnall7h@altervista.org,Male,15.158.195.160
271,Patin,Ivanishchev,pivanishchev7i@vistaprint.com,Male,66.20.125.20
272,Celine,Pedreschi,cpedreschi7j@scientificamerican.com,Genderqueer,194.204.162.201
273,Bartholomeo,Traske,btraske7k@eepurl.com,Genderqueer,34.24.125.192
274,Mersey,Chaudrelle,mchaudrelle7l@e-recht24.de,Non-binary,185.107.233.168
275,Morse,Biggs,mbiggs7m@github.io,Male,66.36.26.23
276,Ethan,Dagleas,edagleas7n@acquirethisname.com,Genderfluid,254.217.68.49
277,Kim,Staries,kstaries7o@bbc.co.uk,Non-binary,161.253.107.74
278,Zelda,Blaber,zblaber7p@sogou.com,Agender,21.201.40.25
279,Olenolin,Acreman,oacreman7q@cloudflare.com,Female,21.161.55.31
280,Toby,Dudbridge,tdudbridge7r@miibeian.gov.cn,Agender,152.117.147.43
281,Ferguson,Jecock,fjecock7s@discuz.net,Agender,212.123.9.244
282,Francklin,MacGraith,fmacgraith7t@deviantart.com,Agender,176.147.188.174
283,Leslie,Olivetta,lolivetta7u@upenn.edu,Female,233.28.81.175
284,Bunni,Domnin,bdomnin7v@slashdot.org,Female,164.65.239.50
285,Carl,Filochov,cfilochov7w@thetimes.co.uk,Bigender,255.250.6.143
286,Keefer,Pond,kpond7x@linkedin.com,Genderqueer,223.50.24.131
287,Xenia,Pahlsson,xpahlsson7y@delicious.com,Agender,162.91.136.164
288,Alix,Brabyn,abrabyn7z@storify.com,Agender,242.44.18.131
289,Lezlie,Fellow,lfellow80@amazon.de,Agender,197.72.12.130
290,Chelsie,Dehm,cdehm81@bluehost.com,Agender,42.181.183.89
291,Tabbatha,Mountain,tmountain82@cnet.com,Female,51.1.72.190
292,Gerrard,Craufurd,gcraufurd83@etsy.com,Genderqueer,222.104.179.115
293,Mayor,Saggs,msaggs84@cocolog-nifty.com,Genderqueer,121.107.22.212
294,Violetta,Duchan,vduchan85@adobe.com,Agender,104.62.225.16
295,Crissy,Korn,ckorn86@toplist.cz,Genderqueer,196.188.44.185
296,Kort,Gregoratti,kgregoratti87@abc.net.au,Non-binary,161.20.70.157
297,Madeleine,Steynor,msteynor88@cmu.edu,Genderqueer,202.61.7.63
298,Sasha,Alesi,salesi89@pcworld.com,Polygender,133.93.49.23
299,Abran,Seide,aseide8a@macromedia.com,Polygender,190.236.27.150
300,Rayna,Danzig,rdanzig8b@apache.org,Polygender,218.169.124.222
301,Tandi,Muckian,tmuckian8c@youku.com,Agender,76.112.85.67
302,Alfons,Broxup,abroxup8d@forbes.com,Agender,23.10.3.156
303,Brady,McReynolds,bmcreynolds8e@blog.com,Genderfluid,165.244.213.168
304,Beck,Howey,bhowey8f@github.com,Agender,167.241.104.183
305,Brian,Alner,balner8g@dmoz.org,Bigender,1.53.38.72
306,Bealle,Earie,bearie8h@imageshack.us,Genderfluid,31.225.159.252
307,Tabbie,Clavey,tclavey8i@time.com,Polygender,53.226.142.224
308,Guenna,Mackleden,gmackleden8j@behance.net,Agender,234.241.86.124
309,Willy,Blaksland,wblaksland8k@twitpic.com,Polygender,126.156.5.195
310,Horacio,Abate,habate8l@reverbnation.com,Genderqueer,195.156.99.41
311,Deane,Zorener,dzorener8m@tripod.com,Polygender,92.151.87.27
312,Devy,Matokhnin,dmatokhnin8n@usnews.com,Polygender,59.124.205.45
313,Mattie,Usmar,musmar8o@yandex.ru,Non-binary,136.255.34.236
314,Emerson,Rasell,erasell8p@posterous.com,Bigender,59.255.109.185
315,Elise,Lanning,elanning8q@cnet.com,Genderqueer,63.108.36.10
316,Marlo,Langford,mlangford8r@1688.com,Agender,216.7.113.158
317,Andreas,Merington,amerington8s@reuters.com,Non-binary,149.136.189.255
318,Fionnula,Pill,fpill8t@dropbox.com,Agender,157.245.244.189
319,Inessa,Laminman,ilaminman8u@sphinn.com,Bigender,210.232.54.28
320,Christabel,Collaton,ccollaton8v@independent.co.uk,Agender,107.52.255.234
321,Katlin,Zohrer,kzohrer8w@usda.gov,Female,138.159.223.31
322,Kippy,Marwood,kmarwood8x@dropbox.com,Female,12.254.50.34
323,Dino,Musla,dmusla8y@cdbaby.com,Agender,163.152.42.154
324,Trip,Grassick,tgrassick8z@edublogs.org,Female,26.118.52.176
325,Danyette,Tithecott,dtithecott90@timesonline.co.uk,Agender,110.98.142.21
326,Tedman,Maylin,tmaylin91@instagram.com,Bigender,27.209.171.121
327,Leroi,Corzon,lcorzon92@amazon.co.uk,Agender,211.30.167.191
328,Jordana,Bartosik,jbartosik93@list-manage.com,Female,33.218.215.66
329,Geraldine,Fowlestone,gfowlestone94@acquirethisname.com,Female,253.134.102.129
330,Marty,Chiverton,mchiverton95@virginia.edu,Female,94.37.28.147
331,Camila,Manuaud,cmanuaud96@digg.com,Bigender,222.64.136.89
332,Zak,Skerm,zskerm97@geocities.jp,Genderfluid,222.180.18.88
333,Frederich,Buxsey,fbuxsey98@jiathis.com,Genderqueer,127.32.63.7
334,Giorgi,Walkey,gwalkey99@chicagotribune.com,Female,138.54.214.101
335,Chico,Ausher,causher9a@so-net.ne.jp,Bigender,111.29.120.113
336,Vernor,Knewstubb,vknewstubb9b@tinyurl.com,Bigender,98.152.71.177
337,Storm,Keep,skeep9c@hhs.gov,Female,181.130.101.124
338,Jules,Pietroni,jpietroni9d@is.gd,Bigender,126.208.64.53
339,Raleigh,Sawyers,rsawyers9e@hao123.com,Genderqueer,217.186.227.108
340,Carlye,McPeice,cmcpeice9f@cargocollective.com,Genderfluid,229.245.193.251
341,Andree,Howlett,ahowlett9g@flavors.me,Polygender,54.188.38.208
342,Gracia,Mottinelli,gmottinelli9h@vistaprint.com,Genderfluid,17.137.108.20
343,Graham,Sicily,gsicily9i@furl.net,Non-binary,125.221.17.60
344,Archibold,Quinnelly,aquinnelly9j@paginegialle.it,Agender,136.19.221.112
345,Sibylla,Pinner,spinner9k@51.la,Agender,93.54.22.248
346,Yance,Doward,ydoward9l@github.io,Bigender,126.213.92.242
347,Erika,Van der Kruis,evanderkruis9m@ox.ac.uk,Genderqueer,57.95.191.58
348,Kessiah,Eccleshall,keccleshall9n@hao123.com,Male,147.138.87.193
349,Gerhard,MacAnelley,gmacanelley9o@themeforest.net,Agender,247.169.180.21
350,Cynthy,Colly,ccolly9p@nps.gov,Genderqueer,91.67.166.20
351,Blanche,Baswall,bbaswall9q@skyrock.com,Non-binary,22.232.192.205
352,Barnard,Boanas,bboanas9r@huffingtonpost.com,Polygender,161.80.19.169
353,Alwin,Schulke,aschulke9s@meetup.com,Genderfluid,206.50.204.199
354,Cherilyn,Charlon,ccharlon9t@biblegateway.com,Female,135.253.140.107
355,Ailey,Woodhall,awoodhall9u@ucoz.ru,Genderqueer,239.182.242.70
356,Gustavo,Humberston,ghumberston9v@dyndns.org,Agender,158.21.187.227
357,Meridel,Fazakerley,mfazakerley9w@twitpic.com,Genderqueer,220.37.76.23
358,Hannie,Stappard,hstappard9x@discovery.com,Genderfluid,65.255.236.229
359,Silvio,Kemshell,skemshell9y@time.com,Male,105.111.50.168
360,Vally,Beare,vbeare9z@weebly.com,Polygender,114.143.121.11
361,Saba,Mellanby,smellanbya0@bizjournals.com,Non-binary,54.96.128.45
362,Donnie,Kubista,dkubistaa1@instagram.com,Polygender,99.69.165.183
363,Lavina,Kamenar,lkamenara2@networkadvertising.org,Female,103.211.211.54
364,Reynard,Joannic,rjoannica3@twitter.com,Non-binary,35.171.216.57
365,Calvin,Shotton,cshottona4@shutterfly.com,Agender,216.165.182.104
366,Laetitia,Marchiso,lmarchisoa5@feedburner.com,Polygender,124.248.153.212
367,Arabela,Dawidowitsch,adawidowitscha6@baidu.com,Female,54.50.171.208
368,Gare,Canet,gcaneta7@ibm.com,Genderqueer,152.85.7.60
369,Pieter,Matyas,pmatyasa8@wordpress.com,Male,62.18.67.41
370,Romeo,Baxill,rbaxilla9@go.com,Genderqueer,118.110.225.96
371,Rosene,Devons,rdevonsaa@acquirethisname.com,Non-binary,221.226.4.111
372,Eldridge,McCadden,emccaddenab@discovery.com,Non-binary,124.239.125.228
373,Rex,Kopfen,rkopfenac@imageshack.us,Female,116.150.68.184
374,Ronnie,Powner,rpownerad@comsenz.com,Genderfluid,130.141.100.97
375,Anett,Barkhouse,abarkhouseae@apache.org,Male,219.125.181.202
376,Lind,Gostick,lgostickaf@yale.edu,Genderqueer,128.236.31.99
377,Nissa,Guise,nguiseag@youtu.be,Agender,165.10.36.247
378,Janelle,Cleft,jcleftah@desdev.cn,Female,53.18.2.92
379,Emmit,Rowet,erowetai@reference.com,Polygender,206.92.84.209
380,Katie,Labrone,klabroneaj@psu.edu,Genderfluid,137.91.43.148
381,Damien,MacCaughey,dmaccaugheyak@wired.com,Genderfluid,80.245.44.88
382,Alonzo,Saxelby,asaxelbyal@columbia.edu,Genderqueer,28.122.222.43
383,Dulcine,Kliement,dkliementam@flavors.me,Bigender,55.241.50.145
384,Rodolph,Cathcart,rcathcartan@smh.com.au,Agender,142.41.213.124
385,Oralia,O'Teague,ooteagueao@baidu.com,Non-binary,182.217.96.240
386,Sisely,Tancock,stancockap@hc360.com,Male,67.210.82.106
387,Tiffi,Olphert,tolphertaq@japanpost.jp,Agender,22.185.71.116
388,Dallas,Rodman,drodmanar@boston.com,Genderqueer,158.126.37.23
389,Cleopatra,Lowden,clowdenas@xinhuanet.com,Male,94.149.244.219
390,Terry,Saxby,tsaxbyat@comcast.net,Non-binary,253.109.18.160
391,Merrily,Bowley,mbowleyau@weibo.com,Non-binary,61.177.250.7
392,Simone,Brayley,sbrayleyav@odnoklassniki.ru,Genderfluid,2.142.151.22
393,Guilbert,Micklem,gmicklemaw@webnode.com,Genderqueer,70.66.152.254
394,Aluino,Heading,aheadingax@amazon.de,Female,21.131.217.30
395,Tierney,Ixer,tixeray@bigcartel.com,Genderfluid,51.92.100.187
396,Tierney,MacCartair,tmaccartairaz@live.com,Agender,25.214.183.91
397,Cob,Mattiessen,cmattiessenb0@narod.ru,Female,106.109.240.44
398,Haroun,Gannicott,hgannicottb1@webeden.co.uk,Non-binary,44.100.202.215
399,Haskel,Ghirigori,hghirigorib2@hc360.com,Genderfluid,10.234.218.50
400,Shae,Coyle,scoyleb3@biglobe.ne.jp,Polygender,167.26.152.61
401,Ottilie,Youdell,oyoudellb4@stanford.edu,Genderfluid,71.49.100.147
402,Darell,Philippon,dphilipponb5@google.cn,Male,63.248.97.243
403,Annabelle,Gilardone,agilardoneb6@imgur.com,Genderfluid,64.47.156.225
404,Melli,Ghelardi,mghelardib7@virginia.edu,Non-binary,182.211.154.228
405,Tod,Venneur,tvenneurb8@ucla.edu,Agender,3.25.111.33
406,Lyndsay,Russ,lrussb9@earthlink.net,Non-binary,176.74.8.250
407,Matty,Bess,mbessba@blog.com,Non-binary,230.100.147.93
408,Ingeberg,Echalier,iechalierbb@quantcast.com,Genderqueer,220.240.132.109
409,Hayes,Cansdell,hcansdellbc@independent.co.uk,Genderfluid,242.123.137.27
410,Lainey,Billham,lbillhambd@joomla.org,Bigender,118.178.105.117
411,Jonie,Benardeau,jbenardeaube@discovery.com,Male,37.81.84.70
412,Shermy,Suston,ssustonbf@alibaba.com,Genderqueer,63.26.220.140
413,Somerset,Eisikovitsh,seisikovitshbg@cbslocal.com,Agender,55.249.150.159
414,Gonzales,Rushmer,grushmerbh@fotki.com,Female,47.227.45.186
415,Rica,Ketch,rketchbi@indiegogo.com,Agender,54.129.79.244
416,Joni,Reisen,jreisenbj@ebay.co.uk,Genderfluid,93.245.76.170
417,Angeline,Brady,abradybk@bloglines.com,Male,170.118.200.113
418,Brigham,Aked,bakedbl@desdev.cn,Genderfluid,69.181.27.35
419,Hortensia,Side,hsidebm@google.fr,Female,234.57.252.219
420,Simonette,Geeson,sgeesonbn@taobao.com,Male,254.60.254.21
421,Mia,Calyton,mcalytonbo@jalbum.net,Polygender,69.81.70.60
422,Brynn,Billion,bbillionbp@earthlink.net,Female,249.30.6.13
423,Munmro,Ormiston,mormistonbq@usa.gov,Genderqueer,194.24.176.118
424,Dacie,Thirst,dthirstbr@tamu.edu,Genderfluid,163.80.74.15
425,Rudolph,Waye,rwayebs@economist.com,Polygender,50.186.194.244
426,Annabela,Woodcroft,awoodcroftbt@dmoz.org,Bigender,65.151.219.110
427,Feliks,Kalewe,fkalewebu@amazon.co.uk,Non-binary,124.12.106.180
428,Gretal,Jenckes,gjenckesbv@myspace.com,Genderfluid,58.122.10.4
429,Osgood,Osbourn,oosbournbw@icio.us,Female,131.234.168.116
430,Ophelie,Klus,oklusbx@vinaora.com,Male,185.227.128.120
431,Dicky,Grogor,dgrogorby@who.int,Polygender,227.85.204.102
432,Thelma,Kinnane,tkinnanebz@ifeng.com,Genderqueer,149.210.152.255
433,Aurelie,Rupp,aruppc0@a8.net,Agender,83.165.238.19
434,Phaedra,Miranda,pmirandac1@exblog.jp,Male,28.169.220.248
435,Binky,Radley,bradleyc2@pen.io,Bigender,166.12.235.71
436,Laurella,Flight,lflightc3@twitter.com,Polygender,224.77.142.230
437,Laurena,Rembaud,lrembaudc4@yellowbook.com,Bigender,255.137.240.143
438,Genovera,Wade,gwadec5@yellowpages.com,Bigender,140.193.36.21
439,Linn,Ortsmann,lortsmannc6@sciencedaily.com,Non-binary,56.7.54.15
440,Helli,Applegate,happlegatec7@howstuffworks.com,Bigender,132.97.253.217
441,Valentine,Edmunds,vedmundsc8@webs.com,Bigender,244.194.188.40
442,Tore,Aslin,taslinc9@ucla.edu,Female,136.188.8.121
443,Chicky,MacShirrie,cmacshirrieca@dell.com,Male,59.125.216.243
444,Rey,Nacey,rnaceycb@independent.co.uk,Genderqueer,128.165.147.163
445,Modestia,Clutterbuck,mclutterbuckcc@jalbum.net,Non-binary,43.145.2.109
446,Madelyn,Pirazzi,mpirazzicd@instagram.com,Genderqueer,145.238.162.74
447,Michael,Palleske,mpalleskece@list-manage.com,Bigender,83.54.39.41
448,Mable,MacMychem,mmacmychemcf@usnews.com,Genderfluid,100.5.208.227
449,Tracy,Olliver,tollivercg@smh.com.au,Male,252.222.217.169
450,Madelaine,Pendleton,mpendletonch@ft.com,Female,112.210.108.232
451,Ninon,Bowdon,nbowdonci@google.ca,Bigender,13.96.248.176
452,Shina,Bartoszewicz,sbartoszewiczcj@reuters.com,Female,184.114.47.174
453,Hyacinth,Kurt,hkurtck@japanpost.jp,Bigender,68.123.36.15
454,Sybila,Jeves,sjevescl@chron.com,Agender,172.201.193.136
455,Eugen,Mabley,emableycm@wiley.com,Female,143.39.6.2
456,Stesha,Courtonne,scourtonnecn@diigo.com,Male,94.91.63.57
457,Joelly,Fibbit,jfibbitco@sciencedirect.com,Polygender,87.146.226.168
458,Roberto,Eastby,reastbycp@clickbank.net,Polygender,85.48.122.126
459,Lotti,Olivey,loliveycq@nsw.gov.au,Genderfluid,104.130.255.62
460,Brandea,Layland,blaylandcr@pen.io,Genderfluid,14.97.69.12
461,Peggi,Abbe,pabbecs@nydailynews.com,Genderfluid,154.241.12.230
462,Cort,Szanto,cszantoct@phpbb.com,Female,51.225.193.150
463,Jessamine,Bolte,jboltecu@yandex.ru,Genderqueer,141.169.45.159
464,Bevin,Bagby,bbagbycv@intel.com,Non-binary,36.1.156.107
465,Jorey,Ickeringill,jickeringillcw@reuters.com,Polygender,232.31.233.236
466,Tammi,Bernardoux,tbernardouxcx@canalblog.com,Female,136.204.89.134
467,Charmane,Loader,cloadercy@google.cn,Polygender,252.233.236.154
468,Hilary,Hookes,hhookescz@wp.com,Genderqueer,116.188.173.197
469,Effie,Kenworthey,ekenwortheyd0@vimeo.com,Agender,139.188.211.52
470,Adelaida,Gwinnett,agwinnettd1@wikia.com,Genderfluid,152.193.80.0
471,Fredrika,Breed,fbreedd2@hostgator.com,Genderqueer,1.104.173.37
472,Papagena,Rochewell,prochewelld3@samsung.com,Male,74.123.238.191
473,Renae,Norres,rnorresd4@sciencedaily.com,Bigender,49.238.149.196
474,Aurore,Lorey,aloreyd5@apple.com,Agender,68.67.142.62
475,Johny,Jacke,jjacked6@vimeo.com,Bigender,104.162.232.100
476,Marie-ann,Matys,mmatysd7@feedburner.com,Polygender,77.130.41.101
477,Arty,Linnell,alinnelld8@illinois.edu,Polygender,77.4.8.223
478,Jolynn,Baumber,jbaumberd9@unblog.fr,Male,166.239.151.160
479,Thane,Spurrior,tspurriorda@virginia.edu,Agender,240.14.37.10
480,Monro,McEvoy,mmcevoydb@ameblo.jp,Female,159.46.57.221
481,Antonetta,Wadeson,awadesondc@fastcompany.com,Genderfluid,3.119.159.220
482,Avis,Goldson,agoldsondd@oakley.com,Female,81.253.228.47
483,Janina,Lippett,jlippettde@amazonaws.com,Genderfluid,7.180.105.60
484,Lance,Jarad,ljaraddf@yahoo.com,Female,60.223.192.43
485,Ash,Camoletto,acamolettodg@wordpress.com,Non-binary,102.7.254.33
486,Christiano,Livett,clivettdh@trellian.com,Bigender,150.38.218.84
487,Kalila,Klaussen,kklaussendi@google.ca,Polygender,37.136.67.42
488,Eve,Ealles,eeallesdj@shutterfly.com,Non-binary,102.86.37.83
489,Annie,Hadlow,ahadlowdk@icq.com,Non-binary,14.99.108.247
490,Teresina,Heggison,theggisondl@cmu.edu,Male,204.167.79.217
491,Aron,Bourhill,abourhilldm@discuz.net,Bigender,171.79.225.145
492,Karen,Hubert,khubertdn@wired.com,Genderfluid,86.237.45.71
493,Ally,Lamball,alamballdo@mit.edu,Agender,48.242.2.101
494,Jasper,Pero,jperodp@furl.net,Non-binary,75.39.200.179
495,Jeramie,Wordsworth,jwordsworthdq@dailymotion.com,Bigender,159.173.140.135
496,Gerrie,Yter,gyterdr@cyberchimps.com,Agender,24.163.142.96
497,Aimil,Fritchly,afritchlyds@marketwatch.com,Non-binary,198.35.227.223
498,Abbott,Dorbon,adorbondt@engadget.com,Male,39.195.175.193
499,George,Saladine,gsaladinedu@webnode.com,Genderqueer,107.188.80.218
500,Teador,Cisneros,tcisnerosdv@hao123.com,Polygender,125.132.111.11
501,Peyton,Auger,paugerdw@opera.com,Bigender,12.83.51.183
502,Preston,Dunstone,pdunstonedx@mashable.com,Agender,201.2.62.112
503,Immanuel,Schimmang,ischimmangdy@histats.com,Genderqueer,90.241.68.200
504,Gayla,Stivens,gstivensdz@prlog.org,Genderqueer,237.2.40.133
505,Linnell,Summerrell,lsummerrelle0@list-manage.com,Female,52.221.168.56
506,Marcile,Hutcheon,mhutcheone1@cpanel.net,Non-binary,111.153.205.99
507,Graeme,Camplen,gcamplene2@prweb.com,Agender,223.37.87.216
508,Teirtza,Tybalt,ttybalte3@theatlantic.com,Non-binary,59.243.90.225
509,Reinwald,Snoxell,rsnoxelle4@amazon.co.jp,Agender,197.131.105.235
510,Mahmud,Covington,mcovingtone5@china.com.cn,Female,102.250.169.56
511,Seamus,Jansey,sjanseye6@bing.com,Genderfluid,181.255.151.162
512,Nicolea,Tremontana,ntremontanae7@squidoo.com,Polygender,131.3.42.1
513,Adriana,Girvan,agirvane8@economist.com,Genderfluid,69.133.30.136
514,Courtnay,Shearsby,cshearsbye9@blog.com,Male,47.210.243.118
515,Obidiah,Whiskin,owhiskinea@washington.edu,Agender,191.35.50.82
516,Dayle,Fradson,dfradsoneb@1688.com,Polygender,235.233.198.251
517,Evy,Fields,efieldsec@google.com.au,Genderfluid,216.96.181.150
518,Bartlet,McKee,bmckeeed@archive.org,Male,0.251.177.128
519,Cinnamon,Gasson,cgassonee@europa.eu,Genderqueer,232.248.144.238
520,Bernice,Chatfield,bchatfieldef@economist.com,Non-binary,131.53.250.137
521,Meagan,Clemence,mclemenceeg@oracle.com,Agender,232.42.78.227
522,Kirby,Boobyer,kboobyereh@bravesites.com,Polygender,79.137.90.61
523,Archie,Giannasi,agiannasiei@netlog.com,Bigender,11.31.207.84
524,Leanna,Bogges,lboggesej@utexas.edu,Genderfluid,10.100.235.28
525,Peadar,Morilla,pmorillaek@webmd.com,Polygender,237.51.235.74
526,Johnathon,Raspin,jraspinel@netscape.com,Non-binary,155.62.21.119
527,Liam,Aylmore,laylmoreem@instagram.com,Genderfluid,54.248.57.32
528,Latia,Giraudat,lgiraudaten@jugem.jp,Agender,186.149.227.159
529,Gavin,Fechnie,gfechnieeo@aol.com,Non-binary,213.150.233.143
530,Franzen,Cartmale,fcartmaleep@stanford.edu,Male,117.157.208.197
531,Rorke,Champerlen,rchamperleneq@va.gov,Bigender,8.106.79.254
532,Jocelin,Collison,jcollisoner@google.com.hk,Non-binary,33.116.223.21
533,Cornelle,Tiuit,ctiuites@state.tx.us,Female,233.174.89.189
534,Marwin,covino,mcovinoet@reverbnation.com,Genderqueer,183.56.29.149
535,Gaultiero,Connow,gconnoweu@spotify.com,Polygender,123.168.204.57
536,Phillis,Scadding,pscaddingev@spiegel.de,Polygender,58.58.215.17
537,Hamilton,Lindenstrauss,hlindenstraussew@bing.com,Polygender,233.96.86.246
538,Denis,Gibbins,dgibbinsex@cargocollective.com,Bigender,74.98.205.122
539,Brnaba,Durrad,bdurradey@cnn.com,Female,170.91.147.61
540,Everett,Dressell,edressellez@bbc.co.uk,Polygender,139.101.24.192
541,Emmery,Beake,ebeakef0@archive.org,Bigender,31.21.245.122
542,Rana,Greening,rgreeningf1@utexas.edu,Non-binary,210.201.133.149
543,Cristin,Pickover,cpickoverf2@ftc.gov,Non-binary,119.161.42.96
544,Adora,Riedel,ariedelf3@sogou.com,Agender,59.254.106.59
545,Ursala,Berston,uberstonf4@sohu.com,Genderfluid,196.226.24.249
546,Erinn,Scanlan,escanlanf5@theguardian.com,Male,203.173.253.160
547,Emelyne,Lomis,elomisf6@arizona.edu,Genderfluid,198.107.98.168
548,Carny,Leaton,cleatonf7@merriam-webster.com,Male,209.55.66.170
549,Hephzibah,Thumnel,hthumnelf8@microsoft.com,Non-binary,189.102.28.158
550,Dana,Dudman,ddudmanf9@gmpg.org,Male,121.210.172.140
551,Rory,Murison,rmurisonfa@tinyurl.com,Genderqueer,15.71.239.157
552,Yale,Tollit,ytollitfb@discovery.com,Female,179.41.245.189
553,Abelard,Napthine,anapthinefc@shinystat.com,Genderqueer,212.207.48.115
554,Ailis,Fevier,afevierfd@about.com,Genderfluid,85.7.189.68
555,Monte,Dolling,mdollingfe@dailymotion.com,Male,73.186.199.245
556,Davide,Goncaves,dgoncavesff@bing.com,Non-binary,188.226.109.50
557,Andria,Gyles,agylesfg@ox.ac.uk,Genderfluid,189.182.133.160
558,Mariquilla,Cope,mcopefh@bandcamp.com,Agender,72.17.102.48
559,Yard,Witherington,ywitheringtonfi@twitter.com,Female,101.32.151.128
560,Brandie,Worster,bworsterfj@forbes.com,Bigender,29.185.38.113
561,Marcie,Alu,malufk@auda.org.au,Genderqueer,135.208.83.28
562,Spense,Shew,sshewfl@list-manage.com,Male,214.80.249.193
563,Dre,Vamplus,dvamplusfm@drupal.org,Male,185.223.93.198
564,Kelli,Elphinston,kelphinstonfn@yahoo.co.jp,Non-binary,45.41.80.135
565,Sibella,Brimner,sbrimnerfo@marriott.com,Genderqueer,85.94.130.216
566,Sallyann,Hayto,shaytofp@topsy.com,Female,82.48.131.233
567,Franz,Gateman,fgatemanfq@blogs.com,Genderqueer,191.245.74.180
568,Urbain,Judron,ujudronfr@imdb.com,Genderfluid,178.89.125.34
569,Alvinia,Buckie,abuckiefs@nifty.com,Female,98.35.169.251
570,Ethelda,MacAskill,emacaskillft@etsy.com,Polygender,34.195.216.72
571,Bartolemo,Pinnock,bpinnockfu@yandex.ru,Agender,229.110.133.137
572,Susette,Bignall,sbignallfv@squarespace.com,Bigender,92.79.65.44
573,Rachael,Fitchet,rfitchetfw@istockphoto.com,Female,125.29.191.128
574,Archibaldo,Silverwood,asilverwoodfx@illinois.edu,Male,123.244.250.107
575,Van,Ralph,vralphfy@wordpress.org,Genderqueer,24.19.1.50
576,Klarrisa,MacRitchie,kmacritchiefz@addthis.com,Genderfluid,208.214.48.78
577,Kandy,Cragell,kcragellg0@rakuten.co.jp,Genderqueer,26.216.7.181
578,Nessy,McMurray,nmcmurrayg1@businesswire.com,Agender,89.163.161.10
579,Brittany,Creswell,bcreswellg2@huffingtonpost.com,Bigender,73.106.18.178
580,Bogart,Cahalin,bcahaling3@forbes.com,Polygender,216.89.205.43
581,Robby,Quirke,rquirkeg4@usgs.gov,Female,212.216.56.57
582,Hedda,Wabey,hwabeyg5@fc2.com,Bigender,128.161.205.251
583,Colene,Biasini,cbiasinig6@dailymotion.com,Genderfluid,155.235.75.246
584,Susannah,Davidovics,sdavidovicsg7@google.com.br,Male,255.94.125.132
585,Corliss,Robarts,crobartsg8@123-reg.co.uk,Bigender,94.216.226.110
586,Frans,Braiden,fbraideng9@nyu.edu,Genderfluid,132.43.106.158
587,Adi,Madre,amadrega@w3.org,Bigender,167.76.39.234
588,Thomas,Zielinski,tzielinskigb@hao123.com,Male,186.190.234.57
589,Shena,Larcier,slarciergc@diigo.com,Genderqueer,215.67.35.23
590,Mychal,Lednor,mlednorgd@unc.edu,Genderfluid,196.40.50.179
591,Borg,McKnish,bmcknishge@hc360.com,Non-binary,32.200.171.226
592,Anderson,Shaudfurth,ashaudfurthgf@reference.com,Bigender,21.180.102.141
593,Urbanus,Drakeley,udrakeleygg@creativecommons.org,Female,16.194.14.171
594,Kandy,Gunson,kgunsongh@nytimes.com,Polygender,244.126.86.167
595,Raffarty,Colloby,rcollobygi@deviantart.com,Male,79.85.104.169
596,Elonore,Lillywhite,elillywhitegj@parallels.com,Male,2.179.57.3
597,Arlene,Capini,acapinigk@mtv.com,Genderfluid,165.249.140.92
598,Beryle,Josovitz,bjosovitzgl@europa.eu,Bigender,180.16.198.89
599,Kendal,Lanchberry,klanchberrygm@surveymonkey.com,Female,249.254.11.152
600,Eddi,Rewcastle,erewcastlegn@sun.com,Agender,162.144.244.26
601,Thatch,Monson,tmonsongo@wp.com,Non-binary,10.78.34.8
602,Audry,Paradise,aparadisegp@barnesandnoble.com,Agender,143.202.213.228
603,Winny,Sutterby,wsutterbygq@cornell.edu,Polygender,243.213.1.30
604,Daryn,Grishinov,dgrishinovgr@cafepress.com,Polygender,96.99.175.211
605,Isidore,Capelen,icapelengs@last.fm,Genderqueer,171.129.49.17
606,Dennie,Camplejohn,dcamplejohngt@tumblr.com,Non-binary,16.159.9.188
607,Eugenio,McCritchie,emccritchiegu@is.gd,Genderqueer,28.0.196.12
608,Petra,Moyce,pmoycegv@xinhuanet.com,Polygender,224.92.163.200
609,Adolph,Orsay,aorsaygw@unblog.fr,Agender,112.7.127.66
610,Cathe,Alldritt,calldrittgx@g.co,Male,119.11.63.98
611,Cash,Tollett,ctollettgy@senate.gov,Bigender,118.138.179.241
612,Atlante,Fifield,afifieldgz@joomla.org,Male,53.89.187.126
613,Joanna,O'Teague,joteagueh0@google.com,Bigender,50.100.158.213
614,Zelma,Kliesl,zklieslh1@bloglovin.com,Genderfluid,223.242.191.142
615,Connie,Sergean,csergeanh2@csmonitor.com,Non-binary,80.168.23.163
616,Nickie,Hussell,nhussellh3@cyberchimps.com,Non-binary,28.59.155.225
617,Zed,Erskine,zerskineh4@hp.com,Bigender,242.90.211.73
618,Dorri,Dwerryhouse,ddwerryhouseh5@lycos.com,Genderqueer,117.27.34.175
619,Lois,Ruperti,lrupertih6@si.edu,Agender,225.159.17.90
620,Robinet,Mabb,rmabbh7@vk.com,Male,221.72.80.23
621,Brewer,Cristol,bcristolh8@irs.gov,Male,129.245.114.200
622,Heath,Anwell,hanwellh9@gmpg.org,Male,0.10.171.208
623,Julita,Kell,jkellha@unesco.org,Agender,112.151.159.79
624,Nedda,Thaxter,nthaxterhb@fc2.com,Male,76.82.94.36
625,Philippine,Matuszewski,pmatuszewskihc@parallels.com,Bigender,137.108.213.210
626,Salomone,Nellies,snellieshd@cdc.gov,Bigender,204.252.167.251
627,Cherish,Gruczka,cgruczkahe@cargocollective.com,Polygender,248.180.194.214
628,Anatole,Kira,akirahf@sphinn.com,Female,18.75.155.145
629,Dorella,Cottom,dcottomhg@mtv.com,Bigender,87.89.178.189
630,Katharine,Abramski,kabramskihh@macromedia.com,Polygender,51.195.80.158
631,Kariotta,Tuhy,ktuhyhi@scientificamerican.com,Bigender,229.29.233.159
632,Madelon,Sandey,msandeyhj@nationalgeographic.com,Polygender,0.6.159.63
633,Isaiah,Woolfenden,iwoolfendenhk@yellowbook.com,Genderqueer,114.155.134.40
634,Ema,Sings,esingshl@youtube.com,Genderfluid,250.177.57.67
635,Maximilien,Becconsall,mbecconsallhm@umn.edu,Polygender,197.28.209.88
636,Gerald,Oury,gouryhn@umich.edu,Genderfluid,73.226.29.19
637,Iver,Harrigan,iharriganho@mozilla.com,Genderqueer,129.4.26.117
638,Margy,Eacle,meaclehp@arstechnica.com,Polygender,155.70.210.30
639,Leandra,Showering,lshoweringhq@forbes.com,Genderfluid,20.12.218.102
640,Terra,Mandrier,tmandrierhr@elpais.com,Genderqueer,129.18.155.224
641,Ronda,Sagrott,rsagrotths@bloglovin.com,Male,225.133.127.220
642,Lionel,Mandrier,lmandrierht@opera.com,Agender,250.42.240.77
643,Jessalyn,Humphrys,jhumphryshu@over-blog.com,Female,60.112.230.13
644,Rey,Grigorian,rgrigorianhv@nasa.gov,Genderfluid,67.138.172.42
645,Denney,Ferne,dfernehw@miibeian.gov.cn,Bigender,28.164.237.133
646,Rodrigo,Salling,rsallinghx@goodreads.com,Genderfluid,251.8.122.255
647,Jilly,Newark,jnewarkhy@pen.io,Genderqueer,90.100.143.136
648,Kassi,Semmens,ksemmenshz@addtoany.com,Non-binary,159.10.111.136
649,Linnie,Allberry,lallberryi0@elegantthemes.com,Female,199.204.45.14
650,Tadio,Hazley,thazleyi1@ebay.co.uk,Female,189.57.218.5
651,Jackie,Dumbarton,jdumbartoni2@wired.com,Genderfluid,65.80.198.123
652,Dani,Rattrie,drattriei3@freewebs.com,Non-binary,133.108.43.136
653,Ky,Duckerin,kduckerini4@earthlink.net,Genderqueer,62.179.213.48
654,Thacher,Pasek,tpaseki5@barnesandnoble.com,Male,202.117.244.144
655,Rickey,Massie,rmassiei6@umich.edu,Genderfluid,9.230.1.178
656,Ermengarde,Papis,epapisi7@homestead.com,Agender,169.229.159.60
657,Adi,Sacaze,asacazei8@bing.com,Genderfluid,245.230.252.120
658,Lorettalorna,Moodey,lmoodeyi9@fc2.com,Polygender,104.31.14.179
659,Vanni,Hayward,vhaywardia@unblog.fr,Female,89.38.13.229
660,Diann,Hethron,dhethronib@mapquest.com,Non-binary,210.155.97.248
661,Efren,Grinnell,egrinnellic@cbslocal.com,Female,160.43.167.243
662,Denys,Fearneley,dfearneleyid@google.ru,Agender,165.146.157.243
663,Wren,Whiting,wwhitingie@japanpost.jp,Polygender,104.92.83.57
664,Jimmy,Stailey,jstaileyif@csmonitor.com,Genderfluid,200.218.127.189
665,Ethelbert,Gorghetto,egorghettoig@aol.com,Non-binary,32.145.16.194
666,Rayshell,Gutman,rgutmanih@usda.gov,Female,173.85.234.223
667,Ilka,Shildrake,ishildrakeii@blog.com,Polygender,71.247.240.71
668,Mozes,Arbuckle,marbuckleij@pen.io,Polygender,184.199.121.6
669,Parsifal,Jaquest,pjaquestik@dropbox.com,Male,37.182.6.45
670,Lezlie,Rewbottom,lrewbottomil@va.gov,Agender,63.134.250.17
671,Cammie,Softley,csoftleyim@boston.com,Non-binary,0.201.157.143
672,Eamon,Haliburn,ehaliburnin@ovh.net,Bigender,59.54.95.99
673,Weber,Phin,wphinio@nydailynews.com,Male,120.64.70.154
674,Astrid,Restall,arestallip@typepad.com,Genderfluid,231.255.179.211
675,Dagny,Sangster,dsangsteriq@behance.net,Male,22.0.12.34
676,Eustace,Denecamp,edenecampir@dmoz.org,Bigender,194.85.91.224
677,Valentine,Waleworke,vwaleworkeis@trellian.com,Non-binary,243.132.228.159
678,Demetris,Clemont,dclemontit@auda.org.au,Agender,99.173.244.132
679,Belle,Bevis,bbevisiu@chicagotribune.com,Non-binary,52.243.149.249
680,Andrus,Keford,akefordiv@geocities.com,Agender,178.37.120.54
681,Opal,Swindall,oswindalliw@google.com.br,Bigender,23.111.117.95
682,Vannie,Wingrove,vwingroveix@imgur.com,Male,52.188.1.248
683,Alric,Ornillos,aornillosiy@xing.com,Female,144.182.94.62
684,Flory,McAndrew,fmcandrewiz@cdbaby.com,Genderqueer,92.158.68.123
685,Curcio,Jarrad,cjarradj0@arizona.edu,Polygender,114.255.66.224
686,Vallie,Bloxham,vbloxhamj1@etsy.com,Polygender,121.188.170.166
687,Hermione,Arthurs,harthursj2@businesswire.com,Non-binary,108.61.131.102
688,Dehlia,Boich,dboichj3@cam.ac.uk,Male,214.42.40.228
689,Jobyna,Treen,jtreenj4@columbia.edu,Genderfluid,248.83.212.55
690,Susi,Reffe,sreffej5@dailymail.co.uk,Agender,31.199.158.164
691,Rufus,Kleen,rkleenj6@oakley.com,Genderqueer,239.188.17.116
692,Jobye,Adamsen,jadamsenj7@baidu.com,Non-binary,52.67.240.161
693,Elisa,Vyvyan,evyvyanj8@bloglovin.com,Male,187.1.100.62
694,Jordan,Fishby,jfishbyj9@blogs.com,Bigender,39.50.106.5
695,Mendie,Brient,mbrientja@tuttocitta.it,Bigender,38.131.84.24
696,Mariellen,Lindenbluth,mlindenbluthjb@webmd.com,Polygender,88.187.34.78
697,Sibel,Lassell,slasselljc@tiny.cc,Male,244.133.15.62
698,Daphene,Bernardon,dbernardonjd@cargocollective.com,Genderqueer,111.99.170.247
699,Ivory,Worssam,iworssamje@oracle.com,Non-binary,73.219.174.238
700,Marquita,Damant,mdamantjf@census.gov,Genderqueer,84.66.61.88
701,Bruis,Wheway,bwhewayjg@usgs.gov,Polygender,57.107.230.42
702,Debor,Aldie,daldiejh@npr.org,Genderfluid,26.157.51.206
703,Alfonso,McGinnis,amcginnisji@theatlantic.com,Bigender,88.70.209.197
704,Glenden,Geraldo,ggeraldojj@youtu.be,Genderfluid,31.33.134.205
705,Beau,Aucock,baucockjk@tinyurl.com,Male,132.208.21.181
706,Valery,Minichi,vminichijl@multiply.com,Non-binary,162.198.228.11
707,Ellen,Dalgliesh,edalglieshjm@cbslocal.com,Non-binary,228.208.217.159
708,Bryon,Cridlin,bcridlinjn@state.tx.us,Female,74.85.91.86
709,Odessa,Lorenz,olorenzjo@nih.gov,Polygender,149.239.255.144
710,Cosetta,Tabbernor,ctabbernorjp@craigslist.org,Genderqueer,187.118.97.19
711,Corine,Lailey,claileyjq@bloglines.com,Male,27.191.152.10
712,Shandee,Philot,sphilotjr@harvard.edu,Agender,140.33.6.113
713,Antonie,Schankelborg,aschankelborgjs@prweb.com,Genderqueer,181.9.82.31
714,Ella,Batistelli,ebatistellijt@naver.com,Genderfluid,91.201.96.166
715,Randa,Twidle,rtwidleju@devhub.com,Non-binary,96.238.207.56
716,Alyss,Mylan,amylanjv@soundcloud.com,Genderqueer,36.222.40.158
717,Ethyl,Glandfield,eglandfieldjw@businessinsider.com,Male,113.247.73.197
718,Burty,Stoaks,bstoaksjx@4shared.com,Agender,136.3.103.122
719,Alis,Elce,aelcejy@google.cn,Genderfluid,160.77.45.238
720,Beatrice,Curman,bcurmanjz@ihg.com,Female,71.113.10.63
721,Gardner,Cardon,gcardonk0@cdc.gov,Bigender,66.155.54.146
722,Keene,Luckey,kluckeyk1@blog.com,Non-binary,150.103.190.255
723,Percival,Dytham,pdythamk2@google.com,Bigender,84.250.190.53
724,Huntlee,Whales,hwhalesk3@123-reg.co.uk,Agender,245.51.88.100
725,Corty,Raffels,craffelsk4@nbcnews.com,Genderfluid,18.238.167.101
726,Purcell,Veldman,pveldmank5@mozilla.org,Non-binary,231.254.104.131
727,Hermine,Locke,hlockek6@skyrock.com,Genderfluid,40.235.220.128
728,Kelwin,Skeete,kskeetek7@addthis.com,Genderqueer,0.6.8.207
729,Myriam,Dewerson,mdewersonk8@geocities.jp,Genderfluid,20.221.232.58
730,Mariska,Rutter,mrutterk9@epa.gov,Agender,166.206.29.134
731,Aili,Zavattiero,azavattieroka@paypal.com,Genderfluid,45.29.165.108
732,Hunter,Soaper,hsoaperkb@acquirethisname.com,Female,110.64.188.75
733,Hilario,Fice,hficekc@google.com.br,Non-binary,213.146.60.94
734,Cesaro,Tolomio,ctolomiokd@google.co.jp,Non-binary,224.15.78.42
735,Griswold,Cockran,gcockranke@google.com.br,Female,41.113.10.166
736,Eli,Bonifazio,ebonifaziokf@google.com.au,Agender,237.27.218.168
737,Norman,Burroughes,nburrougheskg@indiatimes.com,Agender,134.181.31.24
738,Adolphe,Stuther,astutherkh@intel.com,Genderfluid,0.206.30.158
739,Dagny,Mitchenson,dmitchensonki@stumbleupon.com,Male,215.30.217.115
740,Etty,Warsap,ewarsapkj@intel.com,Genderfluid,103.34.23.209
741,Maxine,Behninck,mbehninckkk@oakley.com,Genderfluid,45.158.25.249
742,Gilligan,Sawart,gsawartkl@timesonline.co.uk,Non-binary,251.186.77.99
743,Donaugh,Morad,dmoradkm@tiny.cc,Female,124.246.202.14
744,Caryl,Joskowitz,cjoskowitzkn@google.it,Female,143.123.117.242
745,James,Abramamov,jabramamovko@barnesandnoble.com,Polygender,190.208.149.7
746,Tiffie,Basley,tbasleykp@harvard.edu,Genderqueer,78.33.50.34
747,Koren,Cudiff,kcudiffkq@mozilla.org,Non-binary,62.206.243.115
748,Dorey,Penna,dpennakr@howstuffworks.com,Agender,137.31.83.3
749,Mable,Yegorshin,myegorshinks@dailymail.co.uk,Male,113.130.22.26
750,Edgard,Climo,eclimokt@princeton.edu,Polygender,211.147.81.233
751,Nannie,Nussii,nnussiiku@economist.com,Bigender,92.28.55.88
752,Zorana,Waye,zwayekv@comcast.net,Non-binary,244.197.172.227
753,Lyndsay,Downe,ldownekw@jiathis.com,Male,25.162.8.195
754,Tedman,Hewertson,thewertsonkx@amazon.de,Genderqueer,66.239.171.197
755,Andee,Jinda,ajindaky@mail.ru,Genderfluid,196.138.206.48
756,Florentia,Hackley,fhackleykz@walmart.com,Polygender,83.88.13.231
757,Anthiathia,Stut,astutl0@hud.gov,Bigender,220.23.195.27
758,Angelina,Tullis,atullisl1@trellian.com,Polygender,1.197.22.128
759,Israel,Tennewell,itennewelll2@zdnet.com,Female,25.25.32.251
760,Dorelia,Causey,dcauseyl3@timesonline.co.uk,Polygender,63.86.138.207
761,Josy,Franchi,jfranchil4@purevolume.com,Genderfluid,183.197.151.65
762,Jeralee,O'Harney,joharneyl5@businesswire.com,Bigender,55.100.69.160
763,Riannon,Martensen,rmartensenl6@slashdot.org,Genderqueer,132.112.95.27
764,Jules,Ashfull,jashfulll7@purevolume.com,Agender,41.71.17.11
765,Elfrieda,Kennon,ekennonl8@unblog.fr,Genderfluid,163.227.52.176
766,Maris,Ciciura,mciciural9@odnoklassniki.ru,Genderqueer,28.199.24.53
767,Nathanial,Riccardelli,nriccardellila@cbslocal.com,Bigender,202.143.0.198
768,Maryanne,McGarva,mmcgarvalb@ca.gov,Male,37.110.81.161
769,Saba,Potkins,spotkinslc@nhs.uk,Genderfluid,31.192.250.9
770,Twyla,Houchin,thouchinld@live.com,Non-binary,87.114.91.213
771,Lewes,Patershall,lpatershallle@who.int,Agender,133.218.123.97
772,Karlik,Gilroy,kgilroylf@msu.edu,Female,219.253.11.119
773,Jori,Earwicker,jearwickerlg@chron.com,Agender,208.79.202.128
774,Stan,Billion,sbillionlh@storify.com,Non-binary,227.58.147.119
775,Elwira,Normanton,enormantonli@redcross.org,Agender,66.202.188.111
776,Kailey,Kleinhaus,kkleinhauslj@patch.com,Genderqueer,162.1.10.240
777,Sophi,Goulthorp,sgoulthorplk@ucsd.edu,Genderqueer,165.27.3.40
778,Marchall,Painswick,mpainswickll@cdc.gov,Polygender,220.20.89.252
779,Jourdain,De Blasi,jdeblasilm@blogspot.com,Non-binary,106.137.210.85
780,Kimberli,Bostock,kbostockln@linkedin.com,Agender,214.8.57.90
781,Minette,Cottam,mcottamlo@salon.com,Genderfluid,204.80.33.169
782,Cherye,Sager,csagerlp@cnbc.com,Female,80.217.161.190
783,Cherie,Konzel,ckonzellq@yahoo.co.jp,Male,147.243.1.168
784,Hobey,Storkes,hstorkeslr@bandcamp.com,Genderqueer,86.2.146.107
785,Morie,Arkcoll,markcollls@fotki.com,Female,229.224.68.229
786,Mitchael,Kelsow,mkelsowlt@webnode.com,Genderfluid,133.134.224.178
787,Hart,Lasselle,hlassellelu@baidu.com,Polygender,209.199.223.84
788,Inglebert,Birt,ibirtlv@earthlink.net,Genderqueer,210.238.158.44
789,Amargo,Tortoishell,atortoishelllw@ted.com,Male,173.181.61.242
790,Galen,Lamborne,glambornelx@pen.io,Agender,16.97.102.16
791,Chilton,Signorelli,csignorellily@goodreads.com,Agender,82.200.107.8
792,Aida,Izzat,aizzatlz@ameblo.jp,Genderfluid,241.102.53.112
793,Vincenz,Cunney,vcunneym0@mail.ru,Genderfluid,158.66.82.58
794,Mart,Griffin,mgriffinm1@bbb.org,Bigender,47.219.63.142
795,Merv,Saltern,msalternm2@sakura.ne.jp,Non-binary,135.93.222.149
796,Dorette,Elwell,delwellm3@rambler.ru,Non-binary,85.131.18.74
797,Magdaia,Riseborough,mriseboroughm4@intel.com,Agender,165.151.40.107
798,Alia,Gasking,agaskingm5@hubpages.com,Polygender,39.131.57.12
799,Nicolis,Resun,nresunm6@edublogs.org,Genderfluid,145.178.30.27
800,Saba,McNutt,smcnuttm7@theglobeandmail.com,Non-binary,79.179.145.225
801,Eldin,Phillot,ephillotm8@sina.com.cn,Polygender,5.63.138.174
802,Leela,Shower,lshowerm9@uol.com.br,Non-binary,8.35.181.38
803,Rafaelita,Logsdail,rlogsdailma@dell.com,Female,155.166.200.42
804,Penrod,Wainman,pwainmanmb@msu.edu,Agender,61.109.242.210
805,Belle,Lisimore,blisimoremc@vimeo.com,Polygender,56.64.3.42
806,Gwendolyn,Weatherhill,gweatherhillmd@who.int,Agender,108.69.66.219
807,Lancelot,Pencot,lpencotme@statcounter.com,Genderfluid,119.175.64.98
808,Meggie,Cardinale,mcardinalemf@marketwatch.com,Female,104.18.237.91
809,Brynn,Juden,bjudenmg@ebay.co.uk,Non-binary,87.217.176.18
810,Kacy,Vickerman,kvickermanmh@tumblr.com,Genderfluid,125.141.241.250
811,Rainer,Rowston,rrowstonmi@free.fr,Polygender,84.138.106.177
812,Lucille,Pechacek,lpechacekmj@va.gov,Non-binary,205.101.191.251
813,Belva,Aime,baimemk@upenn.edu,Genderqueer,194.187.255.100
814,Cory,Ormiston,cormistonml@amazon.com,Bigender,16.43.221.36
815,Mack,Snelling,msnellingmm@nifty.com,Genderfluid,3.211.30.47
816,Carrie,Lindsley,clindsleymn@live.com,Polygender,49.76.52.238
817,Alonzo,Lording,alordingmo@example.com,Genderqueer,88.242.217.218
818,Mitch,Gemmill,mgemmillmp@apple.com,Agender,244.241.52.113
819,Maxy,Stollenbeck,mstollenbeckmq@mysql.com,Non-binary,7.174.172.78
820,Raye,Spurden,rspurdenmr@state.gov,Male,252.35.151.155
821,Layney,Wogan,lwoganms@dropbox.com,Agender,3.192.97.183
822,Noell,Trammel,ntrammelmt@springer.com,Genderqueer,116.251.197.2
823,Sergent,Ocheltree,socheltreemu@desdev.cn,Genderqueer,220.119.213.49
824,Mychal,Sagar,msagarmv@earthlink.net,Genderfluid,67.157.200.80
825,Camel,Nuss,cnussmw@chicagotribune.com,Non-binary,250.235.72.45
826,Barry,Twell,btwellmx@cdc.gov,Bigender,128.205.22.154
827,Morganne,Christophe,mchristophemy@homestead.com,Agender,176.193.186.179
828,Keith,Alleburton,kalleburtonmz@youtu.be,Agender,172.158.23.233
829,Justis,Harme,jharmen0@msu.edu,Female,241.173.73.86
830,Jermaine,Schwartz,jschwartzn1@tamu.edu,Genderqueer,43.26.251.70
831,Dorotea,Maevela,dmaevelan2@domainmarket.com,Genderfluid,23.241.150.165
832,Mickie,Hannigan,mhannigann3@youtube.com,Genderqueer,28.134.89.42
833,Shep,Dorrins,sdorrinsn4@sfgate.com,Genderqueer,237.111.47.146
834,Niel,Pybus,npybusn5@twitpic.com,Male,216.219.77.42
835,Mikel,Vanyatin,mvanyatinn6@usa.gov,Bigender,144.214.135.53
836,Sashenka,Blackway,sblackwayn7@stanford.edu,Genderfluid,156.101.67.215
837,Iolande,Tortice,itorticen8@newyorker.com,Male,2.210.121.150
838,Hallsy,Voysey,hvoyseyn9@unesco.org,Bigender,183.180.179.153
839,Alfonso,Louth,alouthna@liveinternet.ru,Male,55.138.222.83
840,Koralle,Melarkey,kmelarkeynb@moonfruit.com,Genderfluid,3.181.1.54
841,Noemi,Cowlas,ncowlasnc@europa.eu,Non-binary,187.38.1.38
842,Ardelle,Giraux,agirauxnd@jiathis.com,Non-binary,131.121.228.123
843,Honey,Clemonts,hclemontsne@furl.net,Bigender,64.26.136.4
844,Jone,Huburn,jhuburnnf@gizmodo.com,Genderqueer,45.58.11.201
845,Etan,Bunyard,ebunyardng@vk.com,Agender,255.78.90.47
846,Merilee,Mulcaster,mmulcasternh@parallels.com,Genderqueer,169.19.20.142
847,Byran,Meekins,bmeekinsni@marketwatch.com,Polygender,41.53.29.59
848,Gertrudis,Hitzke,ghitzkenj@army.mil,Male,116.207.163.66
849,Brunhilda,Loins,bloinsnk@earthlink.net,Agender,17.106.199.197
850,Matthiew,Robbeke,mrobbekenl@vistaprint.com,Agender,99.99.47.100
851,Gwenneth,Edgerley,gedgerleynm@bing.com,Polygender,28.44.221.181
852,Waldo,Hurley,whurleynn@bluehost.com,Non-binary,1.66.60.122
853,Sansone,Yglesia,syglesiano@wikia.com,Bigender,134.6.76.187
854,Joellen,Jahner,jjahnernp@comsenz.com,Male,162.255.93.35
855,Georgie,Rocca,groccanq@parallels.com,Bigender,85.221.207.56
856,Carry,Deneve,cdenevenr@edublogs.org,Bigender,178.233.63.213
857,Olympe,Corneil,ocorneilns@state.gov,Genderqueer,104.110.29.36
858,Timmie,Miller,tmillernt@businesswire.com,Genderfluid,132.142.37.149
859,Emmye,Skep,eskepnu@digg.com,Non-binary,148.109.141.140
860,Hanson,Pilsworth,hpilsworthnv@dropbox.com,Bigender,157.121.202.52
861,Marcus,Halliburton,mhalliburtonnw@cisco.com,Non-binary,10.12.24.73
862,Ilyssa,Radsdale,iradsdalenx@godaddy.com,Male,140.209.225.72
863,Floria,Gilcriest,fgilcriestny@walmart.com,Non-binary,216.192.235.203
864,Filide,Cutteridge,fcutteridgenz@deviantart.com,Male,137.196.189.41
865,Charleen,Hortop,chortopo0@earthlink.net,Male,215.81.147.253
866,Nixie,Wilson,nwilsono1@icio.us,Genderqueer,202.230.74.180
867,Tamra,Okeshott,tokeshotto2@oaic.gov.au,Genderfluid,176.220.84.141
868,Tansy,Peace,tpeaceo3@pinterest.com,Genderfluid,190.233.42.175
869,Adina,Rilton,ariltono4@shareasale.com,Bigender,189.143.240.34
870,Josi,Smye,jsmyeo5@macromedia.com,Agender,126.191.129.20
871,Ethelin,Kleinplatz,ekleinplatzo6@google.ru,Agender,184.18.5.31
872,Olivia,Marney,omarneyo7@reference.com,Non-binary,15.105.213.122
873,Melicent,Vynall,mvynallo8@jugem.jp,Genderfluid,49.189.88.80
874,Tracie,Sowrey,tsowreyo9@nba.com,Polygender,172.17.103.19
875,Carmelina,Martonfi,cmartonfioa@google.nl,Genderfluid,11.15.116.2
876,Cathe,Scopyn,cscopynob@nymag.com,Non-binary,189.136.52.82
877,Nessa,Colbron,ncolbronoc@bravesites.com,Non-binary,29.30.90.43
878,Alvinia,Belch,abelchod@fc2.com,Agender,212.109.72.219
879,Bil,McCanny,bmccannyoe@archive.org,Female,159.109.151.145
880,Dehlia,Piddletown,dpiddletownof@cnn.com,Bigender,84.221.38.151
881,Yance,Dunham,ydunhamog@scientificamerican.com,Bigender,155.79.240.75
882,Roanna,Gulliman,rgullimanoh@sakura.ne.jp,Genderfluid,52.128.164.176
883,Othello,Hubble,ohubbleoi@lulu.com,Genderfluid,217.211.138.202
884,Sherwood,Babington,sbabingtonoj@fema.gov,Female,36.147.170.29
885,Kim,Warrington,kwarringtonok@google.fr,Male,63.225.121.237
886,Elfrieda,Greatland,egreatlandol@businesswire.com,Agender,143.172.170.62
887,Nana,Bartkiewicz,nbartkiewiczom@nature.com,Genderqueer,111.161.220.193
888,Shem,Baldoni,sbaldonion@example.com,Female,220.163.144.154
889,Bogart,Butler-Bowdon,bbutlerbowdonoo@people.com.cn,Genderqueer,235.105.100.187
890,Damiano,Spuner,dspunerop@google.co.uk,Genderqueer,71.166.27.221
891,Shawn,McGilbon,smcgilbonoq@npr.org,Agender,101.54.60.247
892,Sheilakathryn,Heaslip,sheaslipor@bing.com,Genderqueer,2.17.129.105
893,Dory,Kreutzer,dkreutzeros@cnbc.com,Genderfluid,228.126.169.21
894,Kilian,McMurty,kmcmurtyot@spiegel.de,Genderfluid,48.115.181.145
895,Barr,Grasha,bgrashaou@51.la,Agender,194.178.15.121
896,Northrup,Woollons,nwoollonsov@wufoo.com,Genderfluid,248.120.105.221
897,Ransom,Spata,rspataow@ted.com,Genderqueer,183.45.254.44
898,Karly,Tissier,ktissierox@ted.com,Genderfluid,163.62.19.66
899,Clerissa,Fraanchyonok,cfraanchyonokoy@sourceforge.net,Female,17.132.254.221
900,Eddi,Olfert,eolfertoz@blogtalkradio.com,Genderfluid,140.220.250.59
901,Neysa,Bim,nbimp0@plala.or.jp,Agender,33.187.116.186
902,Aleen,Hanbridge,ahanbridgep1@flavors.me,Male,194.61.77.58
903,Catrina,Ripper,cripperp2@tumblr.com,Non-binary,156.33.163.161
904,Timmie,Bodman,tbodmanp3@unicef.org,Agender,103.23.102.81
905,Orsa,Wilford,owilfordp4@networksolutions.com,Male,242.98.236.232
906,Parsifal,McGeechan,pmcgeechanp5@facebook.com,Bigender,204.193.246.182
907,Ginni,Dennert,gdennertp6@moonfruit.com,Agender,13.254.108.140
908,Jerald,Murphy,jmurphyp7@zdnet.com,Female,40.34.64.173
909,Jasun,Binden,jbindenp8@issuu.com,Genderfluid,29.162.215.158
910,Stern,Fellenor,sfellenorp9@hatena.ne.jp,Agender,215.236.197.110
911,Benedikta,Archdeckne,barchdecknepa@ow.ly,Genderqueer,189.15.46.208
912,Kathryne,Shortell,kshortellpb@cbc.ca,Polygender,106.37.218.158
913,Hamid,Moyles,hmoylespc@opera.com,Bigender,195.199.191.0
914,Sutherlan,Harston,sharstonpd@github.com,Non-binary,125.239.124.136
915,Roslyn,Jakobssen,rjakobssenpe@vk.com,Genderqueer,207.223.163.242
916,Rhetta,Blaw,rblawpf@cnbc.com,Bigender,139.5.15.133
917,Emilie,Mahy,emahypg@phoca.cz,Polygender,20.44.47.183
918,Fielding,Rushmare,frushmareph@economist.com,Male,225.144.155.68
919,Mia,Noice,mnoicepi@statcounter.com,Genderqueer,194.130.82.95
920,Win,Bootyman,wbootymanpj@taobao.com,Genderfluid,119.140.119.59
921,Stephannie,Crass,scrasspk@wunderground.com,Genderqueer,6.141.138.147
922,Miller,Entwisle,mentwislepl@mit.edu,Polygender,50.137.130.143
923,Temp,Mc Gaughey,tmcgaugheypm@multiply.com,Agender,90.89.228.218
924,Cesar,Beddoes,cbeddoespn@dedecms.com,Genderqueer,88.80.169.161
925,Maryl,Orleton,morletonpo@unicef.org,Agender,43.114.34.84
926,Carrissa,Lissaman,clissamanpp@tumblr.com,Bigender,166.68.173.169
927,Alison,Vynall,avynallpq@creativecommons.org,Genderfluid,136.48.97.112
928,Chantal,Cawkwell,ccawkwellpr@unc.edu,Genderfluid,138.25.182.169
929,Mahala,Kemmis,mkemmisps@toplist.cz,Male,75.206.115.83
930,Gratia,Gooden,ggoodenpt@sakura.ne.jp,Genderfluid,7.175.103.22
931,Kasey,Collcott,kcollcottpu@ameblo.jp,Genderfluid,165.80.186.178
932,Silvester,Goreway,sgorewaypv@businessinsider.com,Female,165.45.89.215
933,Carmelina,Capener,ccapenerpw@cnn.com,Female,63.231.85.24
934,Denney,Newitt,dnewittpx@slate.com,Bigender,40.37.187.138
935,Nissie,Candlish,ncandlishpy@earthlink.net,Male,242.96.143.179
936,Lionello,Sterman,lstermanpz@accuweather.com,Male,20.113.194.71
937,Carina,Edler,cedlerq0@disqus.com,Polygender,87.22.137.76
938,Terry,Peddar,tpeddarq1@constantcontact.com,Polygender,178.138.80.246
939,Salomone,Oehm,soehmq2@163.com,Bigender,45.79.217.171
940,Dagny,Sleicht,dsleichtq3@biglobe.ne.jp,Female,235.44.16.185
941,Calhoun,Beri,cberiq4@oakley.com,Agender,190.104.80.83
942,Bobby,Nielson,bnielsonq5@simplemachines.org,Non-binary,35.195.14.223
943,Judd,Overthrow,joverthrowq6@amazon.co.jp,Non-binary,213.104.77.109
944,Ruddy,Kier,rkierq7@dagondesign.com,Polygender,90.58.52.105
945,Xena,Songust,xsongustq8@washingtonpost.com,Genderfluid,207.136.129.123
946,Burke,Haestier,bhaestierq9@instagram.com,Genderqueer,203.4.143.212
947,Anna-diane,Bonde,abondeqa@reverbnation.com,Female,55.10.125.204
948,Kelci,Ketteringham,kketteringhamqb@over-blog.com,Female,125.195.45.71
949,Ronica,Ashdown,rashdownqc@linkedin.com,Non-binary,69.41.73.26
950,Del,Dorrance,ddorranceqd@is.gd,Genderqueer,89.76.91.82
951,Sara-ann,Busby,sbusbyqe@ed.gov,Agender,0.90.130.122
952,Clarabelle,Pattillo,cpattilloqf@exblog.jp,Female,133.146.200.180
953,Katerine,Adamoli,kadamoliqg@indiatimes.com,Male,4.115.238.144
954,Wainwright,Pearsall,wpearsallqh@bloomberg.com,Polygender,28.94.178.1
955,Genna,Rowlstone,growlstoneqi@cmu.edu,Female,99.122.153.225
956,Ettore,Matysiak,ematysiakqj@jalbum.net,Genderfluid,202.133.228.108
957,Millard,Swannick,mswannickqk@salon.com,Female,122.222.99.125
958,Dew,Spuner,dspunerql@fda.gov,Agender,213.77.212.217
959,Laurie,Goodliffe,lgoodliffeqm@thetimes.co.uk,Non-binary,77.12.16.126
960,Tarrance,Lampitt,tlampittqn@sciencedirect.com,Genderfluid,125.137.29.8
961,Osborne,Wytchard,owytchardqo@huffingtonpost.com,Genderqueer,67.132.26.220
962,Laure,Middiff,lmiddiffqp@blogtalkradio.com,Genderfluid,135.169.8.184
963,Julianne,Kipling,jkiplingqq@cdbaby.com,Male,227.45.76.98
964,Desiri,Cammomile,dcammomileqr@flickr.com,Male,42.148.232.71
965,Nels,Skures,nskuresqs@theguardian.com,Polygender,113.132.36.242
966,Abe,MacGillreich,amacgillreichqt@tinypic.com,Non-binary,171.11.85.36
967,Alfreda,Odom,aodomqu@cnet.com,Genderqueer,201.156.14.239
968,Myrwyn,Wemm,mwemmqv@yolasite.com,Non-binary,173.23.132.119
969,Hamil,Treweela,htreweelaqw@cnet.com,Female,87.218.94.205
970,Domenico,Elven,delvenqx@theguardian.com,Polygender,13.125.29.60
971,Bertha,Gunson,bgunsonqy@miitbeian.gov.cn,Non-binary,157.141.42.72
972,Karmen,Taree,ktareeqz@mlb.com,Genderqueer,212.1.108.213
973,Conan,Vasovic,cvasovicr0@usnews.com,Non-binary,48.9.37.50
974,Gustav,Bernini,gberninir1@skype.com,Agender,22.81.26.214
975,Blakeley,Brayford,bbrayfordr2@weather.com,Bigender,118.181.202.217
976,Alex,Dunleavy,adunleavyr3@who.int,Genderqueer,205.25.212.135
977,Cameron,Byres,cbyresr4@exblog.jp,Female,111.155.100.7
978,Kaia,Lewsam,klewsamr5@delicious.com,Non-binary,136.76.253.170
979,Oliy,Kealey,okealeyr6@eepurl.com,Polygender,6.19.57.188
980,Torrie,Danels,tdanelsr7@phoca.cz,Bigender,93.221.183.24
981,Nessie,Copestick,ncopestickr8@noaa.gov,Male,233.207.194.59
982,Rafael,Rossant,rrossantr9@sina.com.cn,Genderqueer,170.222.168.230
983,Inglis,Tuohy,ituohyra@time.com,Male,194.143.255.142
984,Theobald,Swenson,tswensonrb@hao123.com,Agender,136.158.218.200
985,Arlette,Marrison,amarrisonrc@geocities.com,Genderfluid,24.22.52.106
986,Zak,Dilliway,zdilliwayrd@europa.eu,Bigender,202.237.252.255
987,Clayborn,Thickens,cthickensre@admin.ch,Non-binary,131.182.89.108
988,Franny,Scholard,fscholardrf@people.com.cn,Agender,23.108.25.34
989,Mayor,Heake,mheakerg@hc360.com,Female,161.240.16.235
990,Noel,Woliter,nwoliterrh@gnu.org,Male,130.88.232.13
991,Noreen,Donaghy,ndonaghyri@cnet.com,Female,160.64.162.95
992,Candida,Ounsworth,counsworthrj@time.com,Female,235.202.247.128
993,Marcelline,Mc Mechan,mmcmechanrk@soup.io,Agender,109.52.117.107
994,Ulysses,Danbury,udanburyrl@addtoany.com,Polygender,73.144.54.108
995,Helga,Ebbitt,hebbittrm@huffingtonpost.com,Bigender,4.202.83.72
996,Hakeem,Tesdale,htesdalern@comsenz.com,Non-binary,164.132.133.116
997,Gelya,Elvey,gelveyro@google.nl,Agender,183.186.128.25
998,Phylis,Landrean,plandreanrp@umn.edu,Female,101.76.155.180
999,Baillie,Pabelik,bpabelikrq@baidu.com,Genderfluid,55.59.122.131
1000,Lauretta,Tomkinson,ltomkinsonrr@thetimes.co.uk,Male,191.113.33.96
