id,first_name,last_name,email,gender,ip_address
1,Florrie,Oller,foller0@icq.com,Non-binary,61.37.5.196
2,Mark,Rooke,mrooke1@g.co,Genderfluid,74.157.135.188
3,Nanine,Mossman,nmossman2@weibo.com,Polygender,182.235.144.102
4,Goldarina,O'Glessane,goglessane3@rediff.com,Bigender,215.106.19.244
5,Arni,Pembery,apembery4@altervista.org,Non-binary,73.77.204.120
6,Torrey,Olivelli,tolivelli5@sina.com.cn,Bigender,100.21.221.175
7,Urson,Springer,uspringer6@wix.com,Genderfluid,224.47.36.233
8,Daryl,Wittleton,dwittleton7@photobucket.com,Bigender,123.94.81.79
9,Frances,Carswell,fcarswell8@buzzfeed.com,Agender,20.161.249.156
10,Tabbie,Linn,tlinn9@freewebs.com,Polygender,115.125.24.237
11,Damon,Dunphie,ddunphiea@devhub.com,Male,187.45.164.70
12,Carson,Murrum,cmurrumb@nytimes.com,Polygender,173.200.64.105
13,Janene,Krause,jkrausec@miitbeian.gov.cn,Male,134.140.54.157
14,Kay,Olufsen,kolufsend@theatlantic.com,Female,53.222.42.109
15,Salomo,Geraud,sgeraude@gravatar.com,Polygender,210.11.231.238
16,Antonina,Mougel,amougelf@behance.net,Genderqueer,10.120.218.28
17,Nicola,Benford,nbenfordg@furl.net,Polygender,167.246.81.201
18,Daile,De-Ville,ddevilleh@usgs.gov,Agender,214.219.204.93
19,Jule,Twinning,jtwinningi@berkeley.edu,Agender,198.250.155.212
20,Mollie,Woodworth,mwoodworthj@unesco.org,Agender,134.2.0.42
21,Kali,Bellerby,kbellerbyk@apache.org,Polygender,19.234.65.73
22,Gregg,Dodman,gdodmanl@earthlink.net,Female,20.97.13.56
23,Kippar,Rudloff,krudloffm@google.nl,Agender,222.195.33.156
24,Doralyn,Scala,dscalan@yellowpages.com,Genderfluid,5.79.63.194
25,Sindee,Tremayne,stremayneo@nifty.com,Genderfluid,243.78.137.160
26,Teirtza,Bohlmann,tbohlmannp@cam.ac.uk,Genderfluid,6.189.20.18
27,Annecorinne,Chatto,achattoq@discuz.net,Genderqueer,103.60.93.236
28,Wenonah,Roundtree,wroundtreer@mysql.com,Polygender,98.103.89.47
29,Betsy,Heazel,bheazels@nba.com,Genderqueer,34.186.174.166
30,Chancey,Ritchings,critchingst@npr.org,Male,45.155.135.221
31,Wheeler,Huggard,whuggardu@indiegogo.com,Male,171.38.224.206
32,Brinn,Pomfrett,bpomfrettv@biglobe.ne.jp,Female,19.109.212.160
33,Sheila,Guilaem,sguilaemw@spiegel.de,Polygender,107.249.20.19
34,Bobbe,Fentem,bfentemx@dell.com,Agender,47.31.230.228
35,Garey,Schaffler,gschafflery@sciencedaily.com,Bigender,247.61.64.132
36,Joelynn,Graveson,jgravesonz@163.com,Male,84.0.179.112
37,Sidonnie,Crowter,scrowter10@google.pl,Agender,139.11.44.103
38,Bee,Franzman,bfranzman11@telegraph.co.uk,Non-binary,197.124.77.200
39,Dixie,Kenner,dkenner12@ted.com,Genderfluid,236.142.17.135
40,Itch,Knapper,iknapper13@ycombinator.com,Agender,218.209.26.132
41,Harli,McGaw,hmcgaw14@princeton.edu,Female,179.251.237.154
42,Dallas,Roseman,droseman15@ebay.com,Bigender,71.2.212.139
43,Sal,Gatty,sgatty16@free.fr,Polygender,206.85.12.223
44,Guenevere,Menary,gmenary17@dot.gov,Male,4.145.185.150
45,Rori,Burtt,rburtt18@technorati.com,Non-binary,133.167.115.241
46,Golda,Lahrs,glahrs19@google.ru,Agender,224.167.100.223
47,Celia,McGlaud,cmcglaud1a@toplist.cz,Polygender,208.16.100.181
48,Elora,Costerd,ecosterd1b@va.gov,Polygender,109.201.22.12
49,Dalia,Emmanueli,demmanueli1c@360.cn,Agender,163.49.180.191
50,Loise,Presdee,lpresdee1d@marketwatch.com,Bigender,201.23.214.49
51,Milton,Lepere,mlepere1e@google.com.hk,Agender,185.50.48.16
52,Kettie,Guilder,kguilder1f@symantec.com,Female,72.205.133.154
53,Nikoletta,Ygo,nygo1g@tmall.com,Bigender,75.117.2.200
54,Emery,MacTrustey,emactrustey1h@theguardian.com,Agender,159.26.225.11
55,Brittney,Wolfe,bwolfe1i@ca.gov,Female,207.180.118.78
56,Flor,Scholer,fscholer1j@oaic.gov.au,Agender,126.72.119.34
57,Arvie,Andrin,aandrin1k@exblog.jp,Bigender,87.252.248.107
58,Broddy,Fullalove,bfullalove1l@tuttocitta.it,Agender,5.127.140.206
59,Nomi,Lowman,nlowman1m@pen.io,Female,186.61.20.204
60,Taryn,Laurentin,tlaurentin1n@pcworld.com,Genderfluid,69.58.118.43
61,Queenie,Pawlicki,qpawlicki1o@youtu.be,Male,128.83.112.166
62,Samuel,McCrow,smccrow1p@opensource.org,Female,109.249.227.213
63,Jo-anne,Wollers,jwollers1q@smugmug.com,Female,22.51.36.172
64,Josephina,Saunder,jsaunder1r@tuttocitta.it,Non-binary,110.206.33.60
65,Tybie,Coneybeare,tconeybeare1s@lulu.com,Genderfluid,71.134.33.195
66,Mariana,Rankin,mrankin1t@mozilla.org,Genderqueer,143.46.175.100
67,Karin,Gillion,kgillion1u@blogtalkradio.com,Male,14.8.73.246
68,Hamilton,Fearnsides,hfearnsides1v@patch.com,Non-binary,95.65.65.125
69,Dasya,Sheardown,dsheardown1w@dot.gov,Genderfluid,85.151.31.130
70,Nigel,Jeannon,njeannon1x@zdnet.com,Male,68.145.118.70
71,Burr,Gutch,bgutch1y@bloglines.com,Genderfluid,244.115.21.213
72,Thomasina,Dunckley,tdunckley1z@cmu.edu,Polygender,239.204.5.93
73,Yurik,Gruczka,ygruczka20@yahoo.com,Bigender,162.28.138.46
74,Penny,Deschlein,pdeschlein21@auda.org.au,Female,91.197.77.218
75,Jazmin,Lievesley,jlievesley22@people.com.cn,Bigender,201.211.243.153
76,Harriot,Measures,hmeasures23@sfgate.com,Female,125.76.184.34
77,Archibald,Scrivin,ascrivin24@gnu.org,Genderfluid,7.199.211.74
78,Gabie,Rahl,grahl25@spotify.com,Polygender,91.78.244.118
79,Gusty,Zeplin,gzeplin26@hp.com,Non-binary,0.17.248.123
80,Vinni,Kilbane,vkilbane27@alibaba.com,Polygender,104.93.46.36
81,Van,Wallington,vwallington28@themeforest.net,Non-binary,5.94.124.112
82,Sonni,Labuschagne,slabuschagne29@skype.com,Non-binary,229.60.222.245
83,Leticia,Rangall,lrangall2a@issuu.com,Non-binary,129.8.207.159
84,Fanechka,Guerreiro,fguerreiro2b@plala.or.jp,Non-binary,53.78.205.156
85,Elset,Varga,evarga2c@free.fr,Bigender,9.3.215.14
86,Jefferey,Smewings,jsmewings2d@php.net,Genderfluid,151.52.206.131
87,Almire,Chicco,achicco2e@oracle.com,Genderqueer,5.22.165.149
88,Eveline,Works,eworks2f@ehow.com,Non-binary,250.225.96.210
89,Rita,Wilkerson,rwilkerson2g@home.pl,Bigender,177.87.188.127
90,Phedra,Lundberg,plundberg2h@independent.co.uk,Male,193.101.112.243
91,Leeanne,Isac,lisac2i@comcast.net,Polygender,47.29.183.18
92,Jinny,Dursley,jdursley2j@xinhuanet.com,Non-binary,25.163.162.237
93,Mil,Fanstone,mfanstone2k@shop-pro.jp,Agender,94.123.168.201
94,Hazel,Click,hclick2l@cornell.edu,Genderfluid,172.8.179.80
95,Conny,Archbell,carchbell2m@a8.net,Female,110.205.9.208
96,Alanson,Kubik,akubik2n@lycos.com,Genderqueer,58.145.6.85
97,Ermina,Scales,escales2o@imageshack.us,Male,208.159.159.16
98,Alayne,Dast,adast2p@cloudflare.com,Female,83.137.80.32
99,Ardyce,Chadwick,achadwick2q@buzzfeed.com,Polygender,139.136.149.32
100,Lil,Kurton,lkurton2r@time.com,Polygender,171.19.12.23
101,Hadley,Rowlings,hrowlings2s@salon.com,Male,188.193.136.60
102,Bernette,Duell,bduell2t@goo.ne.jp,Polygender,18.116.211.225
103,Fifi,Di Filippo,fdifilippo2u@bloomberg.com,Non-binary,14.93.236.222
104,Seka,Noble,snoble2v@tmall.com,Genderfluid,19.214.27.195
105,Dane,Benardet,dbenardet2w@deviantart.com,Genderfluid,34.111.64.195
106,Perren,Saterweyte,psaterweyte2x@springer.com,Polygender,160.143.255.153
107,Eba,Shuker,eshuker2y@delicious.com,Genderqueer,163.30.215.107
108,Lombard,Shillom,lshillom2z@shutterfly.com,Bigender,240.80.221.161
109,Jaimie,Peealess,jpeealess30@opera.com,Polygender,223.179.191.191
110,Samuel,Driutti,sdriutti31@paginegialle.it,Bigender,140.249.55.102
111,Lynnet,Bellon,lbellon32@soundcloud.com,Female,190.163.4.93
112,Danielle,Dalyiel,ddalyiel33@vimeo.com,Bigender,88.222.189.103
113,Olly,Audus,oaudus34@sphinn.com,Female,61.93.142.251
114,Annora,Luc,aluc35@ed.gov,Genderfluid,44.208.201.219
115,Ellene,Ockenden,eockenden36@usnews.com,Polygender,55.99.190.245
116,Eldredge,Drinkel,edrinkel37@rediff.com,Genderfluid,131.45.78.201
117,Rosalyn,Sandyfirth,rsandyfirth38@tamu.edu,Non-binary,158.108.146.55
118,Jayne,Aleksankov,jaleksankov39@squarespace.com,Genderfluid,170.48.63.220
119,Sigvard,McDell,smcdell3a@google.com.hk,Polygender,6.118.94.148
120,Fidelia,Gradley,fgradley3b@homestead.com,Polygender,50.190.146.135
121,Gaby,Chatters,gchatters3c@tinypic.com,Male,87.49.224.45
122,Somerset,Smithe,ssmithe3d@51.la,Polygender,39.183.5.15
123,Simeon,Osborn,sosborn3e@soup.io,Polygender,143.114.198.57
124,Lusa,Loutheane,lloutheane3f@twitpic.com,Female,224.148.40.199
125,Adina,Ranfield,aranfield3g@mapy.cz,Polygender,209.252.236.0
126,Dominica,Mariolle,dmariolle3h@eepurl.com,Polygender,136.35.192.229
127,Heather,De Cruze,hdecruze3i@quantcast.com,Bigender,198.157.240.58
128,Beverley,Mackrell,bmackrell3j@ameblo.jp,Non-binary,121.221.26.191
129,Reinwald,Hazelton,rhazelton3k@netlog.com,Agender,245.85.137.143
130,Suzie,Henden,shenden3l@purevolume.com,Female,133.154.209.33
131,Cissy,Ashborn,cashborn3m@technorati.com,Bigender,165.185.207.86
132,Etta,Novic,enovic3n@artisteer.com,Female,158.51.178.136
133,Lewes,Gurley,lgurley3o@accuweather.com,Non-binary,94.252.239.113
134,Duky,Elderbrant,delderbrant3p@home.pl,Female,214.64.27.75
135,Valentin,Gregh,vgregh3q@berkeley.edu,Female,233.33.135.221
136,Roxy,Cruess,rcruess3r@diigo.com,Non-binary,169.203.21.163
137,Vernen,Linzee,vlinzee3s@sbwire.com,Female,18.28.183.75
138,Lucita,Francesch,lfrancesch3t@flavors.me,Male,50.27.232.209
139,Geri,Debney,gdebney3u@clickbank.net,Polygender,64.206.48.238
140,Claude,Cominello,ccominello3v@go.com,Non-binary,211.100.255.235
141,Zorah,Arnould,zarnould3w@who.int,Genderqueer,203.8.218.181
142,Maggie,Pietraszek,mpietraszek3x@infoseek.co.jp,Genderfluid,11.51.244.31
143,Arnaldo,Clemenceau,aclemenceau3y@wikipedia.org,Non-binary,99.102.62.49
144,Helenka,Goor,hgoor3z@skyrock.com,Bigender,214.160.36.200
145,Tabitha,Whalebelly,twhalebelly40@printfriendly.com,Genderfluid,215.160.160.182
146,Jasmina,Sally,jsally41@microsoft.com,Genderqueer,162.218.227.59
147,Michal,Mudie,mmudie42@photobucket.com,Genderqueer,250.158.227.9
148,Walden,Wilks,wwilks43@deliciousdays.com,Agender,90.129.149.167
149,Sharlene,Elphinston,selphinston44@zdnet.com,Non-binary,31.176.242.93
150,Ardelis,Gillison,agillison45@ehow.com,Non-binary,187.56.103.65
151,Othella,O'Sheeryne,oosheeryne46@discovery.com,Bigender,200.98.113.118
152,Cleveland,De Domenicis,cdedomenicis47@google.es,Female,84.81.40.106
153,Thomas,Bleaden,tbleaden48@soundcloud.com,Non-binary,235.118.78.57
154,Sollie,Meaker,smeaker49@wix.com,Non-binary,192.175.126.184
155,Livvyy,Settle,lsettle4a@nhs.uk,Non-binary,70.35.124.41
156,Heather,Phillput,hphillput4b@dot.gov,Non-binary,173.59.198.120
157,Boyce,Kybird,bkybird4c@cpanel.net,Non-binary,214.140.107.69
158,Darnall,Forker,dforker4d@blog.com,Female,194.173.162.193
159,Audry,Keaves,akeaves4e@flavors.me,Female,185.20.248.186
160,Joaquin,Gerrelt,jgerrelt4f@ebay.co.uk,Polygender,137.254.13.71
161,Hale,Menaul,hmenaul4g@weibo.com,Genderfluid,16.162.45.96
162,Adelbert,Truitt,atruitt4h@state.gov,Genderqueer,145.134.188.209
163,Cameron,Rasper,crasper4i@123-reg.co.uk,Male,98.185.196.136
164,Drake,Berrisford,dberrisford4j@ycombinator.com,Non-binary,8.239.105.198
165,Leesa,Olford,lolford4k@youku.com,Genderfluid,222.27.167.47
166,Clarissa,Pigden,cpigden4l@g.co,Genderqueer,59.99.208.184
167,Angelita,Warren,awarren4m@booking.com,Agender,201.230.199.63
168,Faunie,Schistl,fschistl4n@ted.com,Genderfluid,9.78.158.186
169,Kele,Breffitt,kbreffitt4o@soup.io,Non-binary,33.245.87.148
170,Merrielle,Slater,mslater4p@imdb.com,Bigender,229.62.120.58
171,Carleton,Tebbutt,ctebbutt4q@studiopress.com,Genderqueer,31.251.90.249
172,Celestyna,Diprose,cdiprose4r@ucoz.ru,Genderfluid,212.241.197.249
173,Darcy,Kiehnlt,dkiehnlt4s@google.com.hk,Male,137.59.210.94
174,Harry,Bonafant,hbonafant4t@fc2.com,Polygender,56.47.6.206
175,Brandise,Allam,ballam4u@tamu.edu,Genderqueer,165.100.250.145
176,Moina,Siley,msiley4v@gov.uk,Agender,86.20.48.25
177,Gaven,Hodjetts,ghodjetts4w@uiuc.edu,Genderfluid,105.199.145.194
178,Godart,Ellse,gellse4x@java.com,Polygender,18.221.85.153
179,Jarrid,Allman,jallman4y@prweb.com,Bigender,176.172.231.251
180,Ruth,Barrick,rbarrick4z@accuweather.com,Female,164.90.15.222
181,Elva,Janes,ejanes50@mysql.com,Bigender,189.141.117.22
182,Kizzie,Gabby,kgabby51@msu.edu,Bigender,62.141.16.209
183,Eleonore,MacPhee,emacphee52@google.com.au,Agender,134.164.145.255
184,Inna,Drought,idrought53@mozilla.com,Genderfluid,55.212.83.98
185,Rey,Foli,rfoli54@cnbc.com,Female,253.168.77.35
186,Hermine,Drust,hdrust55@usnews.com,Genderqueer,22.101.146.167
187,Rosabella,Gabits,rgabits56@auda.org.au,Genderqueer,5.25.28.178
188,Lurlene,Hudleston,lhudleston57@mayoclinic.com,Genderqueer,88.209.221.235
189,Danny,Kenna,dkenna58@mozilla.com,Genderfluid,72.21.83.187
190,Sandor,Pashley,spashley59@behance.net,Genderfluid,23.150.192.47
191,Beatrisa,Roskelley,broskelley5a@opensource.org,Agender,36.17.227.141
192,Waylen,Salzburg,wsalzburg5b@apache.org,Bigender,17.226.133.62
193,Franny,Pic,fpic5c@biblegateway.com,Polygender,251.93.91.192
194,Erskine,Howison,ehowison5d@imdb.com,Non-binary,127.98.250.46
195,Loria,Dunseath,ldunseath5e@mac.com,Genderqueer,180.94.131.23
196,Martyn,Gotter,mgotter5f@jalbum.net,Polygender,124.156.23.196
197,Matthew,Lardeux,mlardeux5g@163.com,Genderqueer,12.182.9.31
198,Koren,Bourbon,kbourbon5h@hhs.gov,Male,57.161.38.32
199,Amata,Jimson,ajimson5i@addtoany.com,Genderqueer,164.206.54.216
200,Lorianne,Halliberton,lhalliberton5j@deviantart.com,Bigender,139.172.86.32
201,Grayce,Ottee,gottee5k@artisteer.com,Polygender,146.136.111.54
202,Nonah,Larcier,nlarcier5l@deviantart.com,Polygender,201.36.227.49
203,Riccardo,Jestico,rjestico5m@whitehouse.gov,Genderfluid,116.36.230.178
204,Sigmund,Tunna,stunna5n@bbc.co.uk,Bigender,174.54.244.113
205,Tresa,Crisall,tcrisall5o@furl.net,Male,38.184.73.241
206,Rachel,Rosellini,rrosellini5p@sina.com.cn,Female,192.243.13.79
207,Kenna,Olivier,kolivier5q@quantcast.com,Genderfluid,61.0.16.194
208,Peyter,Larcher,plarcher5r@pen.io,Male,156.242.209.26
209,Rudy,Hairsnape,rhairsnape5s@seattletimes.com,Agender,115.69.156.161
210,Joell,Ardy,jardy5t@cdbaby.com,Genderfluid,73.94.163.90
211,Cindra,House,chouse5u@usda.gov,Polygender,46.109.193.74
212,Nessy,Mandell,nmandell5v@jimdo.com,Female,194.113.232.143
213,Dniren,Danilovitch,ddanilovitch5w@xrea.com,Polygender,190.164.171.124
214,Wilhelm,Pocke,wpocke5x@reverbnation.com,Bigender,203.173.107.165
215,Abbe,Brazel,abrazel5y@upenn.edu,Genderfluid,198.197.67.164
216,Dominica,Senner,dsenner5z@biglobe.ne.jp,Bigender,135.119.191.73
217,Valli,Peters,vpeters60@sakura.ne.jp,Agender,252.231.168.0
218,Gleda,Roux,groux61@weibo.com,Female,179.57.79.19
219,Rica,Gromley,rgromley62@ycombinator.com,Female,129.225.5.222
220,Bunny,Fulle,bfulle63@cyberchimps.com,Genderqueer,35.36.238.246
221,Pete,Meeking,pmeeking64@netlog.com,Agender,226.202.82.194
222,Eliot,O'Scollee,eoscollee65@nydailynews.com,Agender,115.166.235.234
223,Deirdre,Ruf,druf66@privacy.gov.au,Genderqueer,38.144.148.165
224,Frank,Connold,fconnold67@accuweather.com,Agender,112.41.8.2
225,Tobey,Klambt,tklambt68@usatoday.com,Genderfluid,70.6.153.240
226,Nicki,Lucchi,nlucchi69@kickstarter.com,Non-binary,177.67.121.239
227,Murvyn,Sibbering,msibbering6a@gnu.org,Male,66.15.30.191
228,Les,Rosenfield,lrosenfield6b@bbb.org,Female,28.2.255.159
229,Deerdre,Rawcliffe,drawcliffe6c@google.com.br,Male,92.31.52.222
230,Rhoda,Yearnsley,ryearnsley6d@stanford.edu,Female,55.174.247.153
231,Timi,Ilyukhov,tilyukhov6e@apache.org,Female,248.30.199.156
232,Edwin,Melonby,emelonby6f@wordpress.com,Genderfluid,186.181.74.142
233,Horace,Killough,hkillough6g@360.cn,Agender,99.78.250.151
234,Pamela,Goldbourn,pgoldbourn6h@apache.org,Agender,161.148.149.230
235,Roxine,Binning,rbinning6i@mac.com,Bigender,43.183.238.116
236,Victoir,Gounot,vgounot6j@examiner.com,Polygender,13.92.65.52
237,Kissie,Skillington,kskillington6k@weebly.com,Non-binary,134.95.88.35
238,Gwenette,Le Marchand,glemarchand6l@360.cn,Polygender,66.199.162.241
239,Walton,Kerby,wkerby6m@yellowbook.com,Male,47.123.59.139
240,Robby,McMurdo,rmcmurdo6n@alexa.com,Polygender,199.181.251.108
241,Tallia,Vicarey,tvicarey6o@rediff.com,Non-binary,108.76.4.202
242,Buckie,Woodyear,bwoodyear6p@webmd.com,Non-binary,105.88.147.76
243,Renata,Lody,rlody6q@paypal.com,Bigender,38.6.197.33
244,Caroline,Rabbet,crabbet6r@about.me,Male,117.46.247.81
245,Gwenora,Rushby,grushby6s@house.gov,Genderqueer,240.54.140.6
246,Melisa,Willisch,mwillisch6t@home.pl,Male,92.99.148.62
247,Dasie,Hilling,dhilling6u@who.int,Genderqueer,142.215.251.148
248,Mignon,Beaten,mbeaten6v@joomla.org,Bigender,135.107.15.241
249,Demetre,Fairhurst,dfairhurst6w@wikimedia.org,Genderqueer,228.215.5.31
250,Kayla,Bullivant,kbullivant6x@dion.ne.jp,Non-binary,29.177.92.21
251,Ardyth,McGlade,amcglade6y@engadget.com,Polygender,38.217.232.79
252,Casandra,Virgoe,cvirgoe6z@miibeian.gov.cn,Female,234.86.125.83
253,Frayda,Ferney,fferney70@wix.com,Female,237.24.213.109
254,Willi,Buckland,wbuckland71@unblog.fr,Non-binary,12.129.76.159
255,Agosto,Treagust,atreagust72@free.fr,Bigender,0.83.5.213
256,Wendel,Toler,wtoler73@weebly.com,Bigender,203.48.26.170
257,Vivian,Stallybrass,vstallybrass74@techcrunch.com,Genderfluid,52.97.8.66
258,Brade,Spencook,bspencook75@tamu.edu,Non-binary,36.121.165.47
259,Maryanna,Tansey,mtansey76@earthlink.net,Agender,66.124.50.198
260,Tony,Wenman,twenman77@exblog.jp,Non-binary,140.128.229.218
261,Bard,Ioselev,bioselev78@cloudflare.com,Genderfluid,53.195.28.95
262,Myrwyn,Flood,mflood79@comsenz.com,Genderqueer,127.116.87.108
263,Brittaney,Beech,bbeech7a@ehow.com,Non-binary,57.60.94.225
264,Alessandra,Lyal,alyal7b@hubpages.com,Non-binary,96.121.200.2
265,Albertine,Wackett,awackett7c@ehow.com,Female,182.254.211.234
266,Shane,Stairmond,sstairmond7d@simplemachines.org,Polygender,10.234.112.222
267,Arri,Crickett,acrickett7e@kickstarter.com,Genderqueer,26.67.21.184
268,Jacky,Hussell,jhussell7f@ucoz.com,Polygender,18.218.165.225
269,Clarette,Lawlan,clawlan7g@plala.or.jp,Male,97.153.177.252
270,Jocelin,Looby,jlooby7h@samsung.com,Agender,49.248.113.254
271,Bartholemy,Joyce,bjoyce7i@intel.com,Agender,87.56.228.67
272,Brenden,Bax,bbax7j@drupal.org,Genderqueer,30.219.51.47
273,Mickie,Kiddell,mkiddell7k@nba.com,Bigender,95.45.35.86
274,Evangeline,Olerenshaw,eolerenshaw7l@unicef.org,Female,43.66.20.19
275,Moore,Camies,mcamies7m@reference.com,Agender,211.112.245.28
276,Findlay,Monkley,fmonkley7n@mit.edu,Male,244.120.65.134
277,Julio,Fancourt,jfancourt7o@istockphoto.com,Genderfluid,80.252.81.232
278,Winnifred,Chesher,wchesher7p@nationalgeographic.com,Male,180.17.170.60
279,Linell,Keating,lkeating7q@canalblog.com,Agender,98.233.177.19
280,Zed,Heister,zheister7r@netscape.com,Bigender,177.13.5.224
281,Sonnie,Byars,sbyars7s@dmoz.org,Agender,216.170.234.55
282,Amye,Mathias,amathias7t@economist.com,Female,41.237.48.67
283,Curt,Svanini,csvanini7u@nsw.gov.au,Genderqueer,72.161.185.161
284,Hazel,Santi,hsanti7v@lulu.com,Female,215.176.253.128
285,Sayer,Gierok,sgierok7w@friendfeed.com,Polygender,87.125.182.41
286,Loralie,Wetherhead,lwetherhead7x@shutterfly.com,Genderqueer,78.47.240.254
287,Luisa,Bertomeu,lbertomeu7y@bizjournals.com,Genderfluid,87.66.207.77
288,Elmira,Callaway,ecallaway7z@smugmug.com,Female,113.75.60.114
289,Ronda,Tearney,rtearney80@ow.ly,Male,35.109.33.16
290,Dore,Slingsby,dslingsby81@ibm.com,Genderfluid,230.250.60.220
291,Janella,Duckhouse,jduckhouse82@forbes.com,Male,103.11.189.159
292,Marj,Pritchett,mpritchett83@dyndns.org,Non-binary,133.50.232.146
293,Meryl,Falconbridge,mfalconbridge84@sbwire.com,Polygender,12.99.218.146
294,Vonny,Cattlemull,vcattlemull85@ft.com,Agender,164.223.220.78
295,Petronilla,Evenden,pevenden86@gravatar.com,Non-binary,205.80.6.127
296,Gianina,Mandifield,gmandifield87@bing.com,Non-binary,8.85.30.57
297,Wilbur,Chidler,wchidler88@phoca.cz,Genderfluid,208.17.14.239
298,Janenna,Dransfield,jdransfield89@redcross.org,Bigender,239.200.164.108
299,Smith,Motherwell,smotherwell8a@cdc.gov,Polygender,93.135.31.207
300,Simonne,Brobeck,sbrobeck8b@wunderground.com,Non-binary,186.221.48.167
301,Kari,Nitti,knitti8c@gravatar.com,Female,252.232.143.85
302,Manuel,Pock,mpock8d@mapy.cz,Bigender,69.61.196.144
303,Mitchael,Champney,mchampney8e@ask.com,Male,74.94.177.58
304,Frederico,O'Brien,fobrien8f@hibu.com,Non-binary,214.16.150.60
305,Vivyanne,Strodder,vstrodder8g@java.com,Agender,8.22.43.91
306,Matthus,Fosh,mfosh8h@answers.com,Agender,211.166.102.157
307,Fina,Wortley,fwortley8i@wikipedia.org,Bigender,55.90.26.53
308,Kennith,Trayes,ktrayes8j@accuweather.com,Genderqueer,244.67.30.205
309,Tucker,Glendzer,tglendzer8k@engadget.com,Genderfluid,59.183.189.226
310,Halsy,Barbera,hbarbera8l@youku.com,Polygender,68.184.65.89
311,Wallie,Fawcitt,wfawcitt8m@home.pl,Female,183.220.196.74
312,Vinita,Keling,vkeling8n@theglobeandmail.com,Polygender,37.199.230.242
313,Morey,Benn,mbenn8o@adobe.com,Polygender,76.82.189.160
314,Cordie,Bogies,cbogies8p@marriott.com,Female,113.192.229.250
315,Joaquin,Petz,jpetz8q@fc2.com,Agender,203.64.134.31
316,Valma,Seeking,vseeking8r@biblegateway.com,Polygender,234.209.32.144
317,Kaiser,Antonutti,kantonutti8s@bloglovin.com,Non-binary,152.224.167.192
318,Correna,Quail,cquail8t@toplist.cz,Bigender,168.9.228.30
319,Raynor,Dugan,rdugan8u@ebay.co.uk,Male,142.238.125.81
320,Gusella,Rountree,grountree8v@apple.com,Genderqueer,158.192.241.58
321,Marcia,Stockley,mstockley8w@reddit.com,Agender,205.81.201.62
322,Lock,Cowie,lcowie8x@senate.gov,Bigender,165.51.196.117
323,Cecil,Dizlie,cdizlie8y@scribd.com,Agender,96.184.12.148
324,Dionysus,Pont,dpont8z@joomla.org,Bigender,188.84.143.254
325,Elisha,Krysiak,ekrysiak90@bing.com,Male,180.40.240.209
326,Loralyn,Reckus,lreckus91@i2i.jp,Bigender,147.123.211.89
327,Fidelia,McSparran,fmcsparran92@shareasale.com,Genderfluid,86.240.251.187
328,Padraig,Lambal,plambal93@chicagotribune.com,Bigender,112.132.97.15
329,Hale,Doodson,hdoodson94@umn.edu,Non-binary,159.96.100.151
330,Davine,Canero,dcanero95@foxnews.com,Male,105.178.218.149
331,Powell,Franklyn,pfranklyn96@netscape.com,Polygender,136.60.174.63
332,Genevieve,Hansbury,ghansbury97@columbia.edu,Agender,196.29.133.221
333,Jerad,Boardman,jboardman98@reddit.com,Non-binary,12.235.88.86
334,Leon,Deeble,ldeeble99@webmd.com,Polygender,6.235.193.38
335,Rakel,Emanueli,remanueli9a@qq.com,Female,30.211.53.109
336,Junia,Meakes,jmeakes9b@dailymotion.com,Non-binary,179.72.141.174
337,Sabina,Matveichev,smatveichev9c@networksolutions.com,Non-binary,47.200.130.101
338,Ermin,Dumberell,edumberell9d@instagram.com,Male,117.72.224.88
339,Abagael,Awin,aawin9e@drupal.org,Female,165.191.169.73
340,Ardyth,Lettington,alettington9f@timesonline.co.uk,Non-binary,240.254.192.134
341,Benjy,Olivie,bolivie9g@princeton.edu,Genderfluid,49.117.118.190
342,Stacia,Hoggetts,shoggetts9h@gov.uk,Polygender,247.111.236.72
343,Holden,Mitford,hmitford9i@ycombinator.com,Non-binary,191.133.213.169
344,Brittan,Brinded,bbrinded9j@newsvine.com,Agender,120.26.134.196
345,Clarette,Yter,cyter9k@icq.com,Agender,187.33.220.247
346,Grayce,Merrgan,gmerrgan9l@upenn.edu,Male,220.204.204.223
347,Radcliffe,Vogeller,rvogeller9m@soundcloud.com,Polygender,138.235.164.211
348,Cyril,Josey,cjosey9n@sbwire.com,Genderqueer,54.162.213.214
349,Engelbert,Doreward,edoreward9o@intel.com,Female,45.77.254.139
350,Cesare,Clarae,cclarae9p@cbsnews.com,Non-binary,36.211.193.249
351,Almeta,Pert,apert9q@uiuc.edu,Bigender,43.236.237.184
352,Scot,le Keux,slekeux9r@wsj.com,Polygender,133.42.113.93
353,Kandace,Cluer,kcluer9s@europa.eu,Non-binary,142.154.110.170
354,Erminia,Deaves,edeaves9t@redcross.org,Female,223.231.6.60
355,Connie,Kubal,ckubal9u@scribd.com,Polygender,130.187.30.235
356,Reeta,Mant,rmant9v@discovery.com,Non-binary,28.1.175.145
357,Nathalia,Adamovicz,nadamovicz9w@china.com.cn,Bigender,14.194.138.199
358,Ernestus,Raitt,eraitt9x@addthis.com,Male,113.123.84.62
359,Chelsea,Hurley,churley9y@go.com,Polygender,121.119.132.193
360,Jeannie,Lymbourne,jlymbourne9z@xinhuanet.com,Male,131.191.135.194
361,Donnie,Borwick,dborwicka0@msu.edu,Male,82.22.45.11
362,Klement,Dyball,kdyballa1@fotki.com,Female,28.25.104.41
363,Ettie,Wistance,ewistancea2@intel.com,Female,244.80.88.52
364,Briana,Genny,bgennya3@cdbaby.com,Polygender,231.179.155.187
365,Konstanze,Mursell,kmursella4@telegraph.co.uk,Non-binary,141.179.106.243
366,Maximilian,Ballham,mballhama5@skype.com,Non-binary,228.148.112.61
367,Tedmund,Ewens,tewensa6@macromedia.com,Agender,243.249.155.227
368,Artemas,Frick,africka7@independent.co.uk,Agender,39.0.220.20
369,Alexis,Marcq,amarcqa8@surveymonkey.com,Male,81.165.119.69
370,Sallie,Leander,sleandera9@sun.com,Polygender,63.160.30.78
371,Willy,Long,wlongaa@wiley.com,Female,146.108.45.13
372,Gabie,Giddens,ggiddensab@wordpress.com,Non-binary,152.13.97.98
373,Bartlet,Greedy,bgreedyac@google.co.uk,Bigender,133.189.143.159
374,Evin,Palphramand,epalphramandad@nationalgeographic.com,Genderqueer,116.154.15.188
375,Arlette,Filipchikov,afilipchikovae@dmoz.org,Polygender,247.8.145.166
376,Anya,Travis,atravisaf@aol.com,Genderfluid,129.59.220.116
377,Neilla,Venturoli,nventuroliag@tripod.com,Polygender,168.185.158.209
378,Lilli,Markussen,lmarkussenah@bizjournals.com,Bigender,70.127.24.186
379,Clarita,Champ,cchampai@devhub.com,Female,119.147.160.103
380,Shelia,Langforth,slangforthaj@ucoz.ru,Male,237.86.40.39
381,Korey,Anscombe,kanscombeak@economist.com,Female,92.187.208.109
382,Brit,Lane,blaneal@github.io,Genderfluid,128.252.107.34
383,Correna,Brum,cbrumam@nature.com,Agender,252.226.191.136
384,Blair,Torricella,btorricellaan@comsenz.com,Agender,147.90.150.113
385,Antonia,Hadlow,ahadlowao@xrea.com,Bigender,146.13.187.254
386,Ashlan,Elsom,aelsomap@yellowpages.com,Genderfluid,136.227.145.188
387,Darda,Vanyatin,dvanyatinaq@dailymotion.com,Genderfluid,7.200.26.132
388,Rainer,Sherrett,rsherrettar@google.es,Male,126.6.59.188
389,Eliza,Coolbear,ecoolbearas@cnet.com,Genderfluid,135.29.110.217
390,Gaspar,Kenneford,gkennefordat@sina.com.cn,Female,143.117.112.207
391,Felita,Ping,fpingau@a8.net,Agender,23.64.6.50
392,Hansiain,Gawler,hgawlerav@webeden.co.uk,Polygender,61.114.140.255
393,Ofilia,Cowp,ocowpaw@pbs.org,Bigender,137.80.176.214
394,Nadine,Bertome,nbertomeax@forbes.com,Male,75.215.126.122
395,Melisse,Altoft,maltoftay@wikipedia.org,Genderqueer,225.197.222.232
396,Montgomery,Bottini,mbottiniaz@umn.edu,Bigender,103.249.194.27
397,Tanny,Mileham,tmilehamb0@example.com,Non-binary,65.200.197.142
398,Minta,Catlin,mcatlinb1@deviantart.com,Genderfluid,242.103.160.85
399,Hyacinthe,Pirozzi,hpirozzib2@123-reg.co.uk,Female,225.73.66.66
400,Danya,Laughnan,dlaughnanb3@last.fm,Genderqueer,216.130.52.191
401,Chery,Pooly,cpoolyb4@delicious.com,Genderqueer,41.73.71.136
402,Jenn,Siberry,jsiberryb5@unesco.org,Genderfluid,162.21.23.180
403,Carol,Dadson,cdadsonb6@stumbleupon.com,Male,251.50.38.254
404,Ruby,Henricsson,rhenricssonb7@pinterest.com,Genderfluid,114.34.240.113
405,Vevay,Duerden,vduerdenb8@theguardian.com,Genderqueer,139.138.224.193
406,Reinwald,Thams,rthamsb9@ehow.com,Genderfluid,248.189.242.182
407,Seka,Mayou,smayouba@barnesandnoble.com,Non-binary,167.240.46.236
408,Natty,Ringsell,nringsellbb@mtv.com,Male,103.221.112.215
409,Hyman,Davidowich,hdavidowichbc@stumbleupon.com,Genderfluid,217.89.173.98
410,Melicent,Tranmer,mtranmerbd@acquirethisname.com,Female,60.91.178.128
411,Charline,Goude,cgoudebe@people.com.cn,Genderfluid,103.15.124.4
412,Nicolai,Tixall,ntixallbf@dion.ne.jp,Polygender,16.9.80.46
413,Krista,Snellman,ksnellmanbg@printfriendly.com,Genderqueer,112.156.251.184
414,Daisi,Bassick,dbassickbh@bigcartel.com,Bigender,211.71.33.129
415,Gaile,Glavias,gglaviasbi@nymag.com,Bigender,81.221.147.26
416,Dalia,Roxbrough,droxbroughbj@youku.com,Non-binary,159.75.102.173
417,Jamima,Ennew,jennewbk@google.es,Agender,90.172.166.12
418,Ibbie,Goatman,igoatmanbl@washington.edu,Genderfluid,64.64.103.149
419,Modesty,Windross,mwindrossbm@sbwire.com,Bigender,58.236.22.244
420,Dion,Scargill,dscargillbn@dot.gov,Genderqueer,7.31.108.15
421,Carol,Summerskill,csummerskillbo@smugmug.com,Polygender,25.34.180.48
422,Clerkclaude,Purseglove,cpurseglovebp@ameblo.jp,Male,240.223.140.134
423,Michael,Jacombs,mjacombsbq@google.com.br,Bigender,152.185.145.238
424,Bax,Tatters,btattersbr@dell.com,Agender,76.160.33.153
425,Neal,Broadstock,nbroadstockbs@123-reg.co.uk,Non-binary,159.130.231.238
426,Zaria,Okeshott,zokeshottbt@uiuc.edu,Polygender,200.91.25.138
427,Giacomo,Blondelle,gblondellebu@nyu.edu,Female,181.212.72.129
428,Patience,Parman,pparmanbv@i2i.jp,Genderqueer,123.101.9.190
429,Rodrick,Lockney,rlockneybw@tripod.com,Genderqueer,34.244.205.196
430,Thaxter,Deroche,tderochebx@twitpic.com,Agender,249.43.61.130
431,Garrick,Vasquez,gvasquezby@github.io,Genderfluid,183.208.45.252
432,Merl,Hamil,mhamilbz@elegantthemes.com,Female,83.184.37.197
433,Hoebart,Swyn,hswync0@prnewswire.com,Genderqueer,243.151.127.94
434,Myron,Gerdts,mgerdtsc1@dagondesign.com,Agender,188.131.116.79
435,Lanette,Tremaine,ltremainec2@spotify.com,Female,32.196.180.112
436,Nicholle,Smiths,nsmithsc3@cbsnews.com,Bigender,252.112.57.171
437,Sheri,Loosley,sloosleyc4@abc.net.au,Female,80.247.248.243
438,Onida,Radki,oradkic5@slate.com,Genderfluid,11.74.70.70
439,Joaquin,Newbury,jnewburyc6@technorati.com,Agender,197.67.83.105
440,Conrade,Turnell,cturnellc7@howstuffworks.com,Female,232.44.250.103
441,Kellyann,Mattersey,kmatterseyc8@princeton.edu,Male,126.224.26.245
442,Brod,Whitemarsh,bwhitemarshc9@reuters.com,Non-binary,108.114.100.45
443,Sansone,Lougheed,slougheedca@oaic.gov.au,Genderfluid,255.148.87.132
444,Major,Worvill,mworvillcb@squidoo.com,Non-binary,218.195.56.129
445,Christopher,Bousler,cbouslercc@telegraph.co.uk,Bigender,229.195.201.93
446,Edward,Goodwins,egoodwinscd@salon.com,Genderqueer,83.132.206.143
447,Marybelle,Newgrosh,mnewgroshce@xinhuanet.com,Agender,252.135.95.203
448,Myra,Polycote,mpolycotecf@chicagotribune.com,Non-binary,89.9.46.250
449,Raleigh,Raoux,rraouxcg@cnet.com,Agender,242.11.8.51
450,Juliette,Lamps,jlampsch@flavors.me,Non-binary,22.119.66.220
451,Manolo,Grumbridge,mgrumbridgeci@businessinsider.com,Non-binary,250.9.130.24
452,Ines,Burndred,iburndredcj@bluehost.com,Polygender,25.104.225.221
453,Camella,Partlett,cpartlettck@qq.com,Male,101.161.213.70
454,Lorens,Moyce,lmoycecl@gmpg.org,Male,81.182.107.212
455,Gordon,Boddice,gboddicecm@cam.ac.uk,Bigender,127.232.14.17
456,Susana,Chadbourn,schadbourncn@360.cn,Female,206.72.32.210
457,Eda,Robker,erobkerco@lycos.com,Genderqueer,151.61.27.179
458,Olenka,Yeeles,oyeelescp@ucoz.com,Female,165.106.172.238
459,Timmie,Cottrill,tcottrillcq@edublogs.org,Agender,202.206.202.39
460,Sanderson,Shawyers,sshawyerscr@facebook.com,Non-binary,17.187.213.29
461,Derward,Dellenbrook,ddellenbrookcs@soundcloud.com,Bigender,61.199.175.134
462,Jacob,Perigoe,jperigoect@timesonline.co.uk,Genderqueer,154.167.227.119
463,Garvin,Wincott,gwincottcu@pcworld.com,Female,113.250.83.247
464,Salem,MacGillivrie,smacgillivriecv@ucoz.ru,Female,134.171.197.9
465,Chick,Martinez,cmartinezcw@telegraph.co.uk,Agender,175.63.250.26
466,Jefferey,Hayne,jhaynecx@sitemeter.com,Male,248.67.58.47
467,Davide,Vicent,dvicentcy@deviantart.com,Bigender,20.30.90.224
468,Georgy,Vanyatin,gvanyatincz@tripod.com,Agender,99.141.52.211
469,Quintilla,Emerine,qemerined0@addthis.com,Non-binary,125.125.150.158
470,Lazarus,Learoyde,llearoyded1@nyu.edu,Polygender,251.252.91.90
471,Lydon,Giron,lgirond2@disqus.com,Female,54.216.100.72
472,Rorke,Cowtherd,rcowtherdd3@unblog.fr,Female,195.144.47.156
473,Ethelin,Lanchberry,elanchberryd4@mapy.cz,Female,188.122.46.226
474,Joachim,Whitney,jwhitneyd5@army.mil,Bigender,223.74.246.193
475,Nadia,Daoust,ndaoustd6@ustream.tv,Polygender,237.116.139.123
476,Webster,Michelmore,wmichelmored7@irs.gov,Genderfluid,186.95.116.194
477,Mayor,Goodby,mgoodbyd8@sakura.ne.jp,Genderfluid,171.57.36.175
478,Morly,Tenaunt,mtenauntd9@ucoz.ru,Male,29.207.222.22
479,Correy,Paff,cpaffda@macromedia.com,Genderfluid,191.253.114.171
480,Betsy,Healey,bhealeydb@ehow.com,Polygender,80.93.35.16
481,Lenna,Buxsey,lbuxseydc@sciencedirect.com,Polygender,190.0.111.56
482,Daryn,Killiam,dkilliamdd@wiley.com,Female,147.105.101.136
483,Shannon,Tudbald,studbaldde@addtoany.com,Polygender,13.173.0.87
484,Nadia,Ivanshintsev,nivanshintsevdf@webnode.com,Polygender,247.190.180.12
485,Ethelbert,Ganter,eganterdg@wikimedia.org,Polygender,126.194.96.66
486,Malchy,Dionis,mdionisdh@java.com,Non-binary,241.204.35.57
487,Trudey,Davitti,tdavittidi@taobao.com,Polygender,240.117.141.145
488,Osbourn,Curwood,ocurwooddj@de.vu,Male,2.55.22.130
489,Lelah,Musker,lmuskerdk@nps.gov,Agender,96.23.25.19
490,Padraig,Jirusek,pjirusekdl@arstechnica.com,Female,204.167.74.195
491,Ollie,Lyngsted,olyngsteddm@indiatimes.com,Non-binary,57.16.118.110
492,Tildy,Zorzoni,tzorzonidn@lycos.com,Bigender,11.168.104.139
493,Janean,Branchflower,jbranchflowerdo@github.com,Male,88.196.141.4
494,Gavan,Wisbey,gwisbeydp@tuttocitta.it,Non-binary,24.150.136.150
495,Reuben,Pucknell,rpucknelldq@cpanel.net,Polygender,140.242.209.39
496,Anthia,Pickerell,apickerelldr@ameblo.jp,Genderfluid,66.201.168.126
497,Chere,Bollis,cbollisds@examiner.com,Agender,190.131.108.99
498,Daryle,Pomfrett,dpomfrettdt@goo.gl,Genderfluid,155.67.15.6
499,Sol,Wyldbore,swyldboredu@seattletimes.com,Non-binary,56.93.94.186
500,Dolph,Van der Beek,dvanderbeekdv@google.de,Agender,38.118.178.107
501,Alexis,Hannigan,ahannigandw@xinhuanet.com,Polygender,143.152.165.250
502,Jaymie,Kinforth,jkinforthdx@discuz.net,Non-binary,253.142.168.185
503,Maia,Gommowe,mgommowedy@netvibes.com,Agender,94.30.83.181
504,Consuela,Forster,cforsterdz@lulu.com,Polygender,33.192.0.120
505,Franny,MacRanald,fmacranalde0@psu.edu,Genderfluid,29.103.48.136
506,Arline,Cousens,acousense1@ning.com,Genderqueer,218.231.224.72
507,Ty,Sellner,tsellnere2@ca.gov,Bigender,95.181.237.63
508,Margot,Dilon,mdilone3@cloudflare.com,Genderfluid,223.255.237.183
509,Elva,Schulken,eschulkene4@google.es,Genderqueer,127.124.112.32
510,Annamarie,Norcliffe,anorcliffee5@abc.net.au,Polygender,121.218.205.145
511,Toiboid,Vaines,tvainese6@prweb.com,Bigender,137.81.99.108
512,Shandeigh,Rodders,srodderse7@patch.com,Agender,5.141.8.16
513,Mallorie,Ramsey,mramseye8@example.com,Female,8.14.235.63
514,Marie-ann,Aspole,maspolee9@mac.com,Female,112.45.19.12
515,Jasmine,Jeacocke,jjeacockeea@yale.edu,Female,218.217.83.55
516,Fanchon,Phythien,fphythieneb@aol.com,Bigender,202.243.66.155
517,Skippie,Lente,slenteec@google.ca,Genderqueer,136.35.182.49
518,Clotilda,Murton,cmurtoned@paypal.com,Genderfluid,240.35.151.116
519,Lilllie,Grabban,lgrabbanee@exblog.jp,Female,24.55.217.196
520,Zelma,Le Noir,zlenoiref@ocn.ne.jp,Female,88.221.187.47
521,Wilmer,Entwistle,wentwistleeg@desdev.cn,Bigender,253.231.199.12
522,Nicolette,Sorsby,nsorsbyeh@blogspot.com,Agender,120.139.210.253
523,Aeriell,Meredith,ameredithei@unesco.org,Agender,213.160.101.82
524,Giraldo,Ticehurst,gticehurstej@latimes.com,Non-binary,34.84.87.154
525,Hedda,Gricewood,hgricewoodek@cdbaby.com,Female,166.142.221.241
526,Antonella,Butts,abuttsel@ed.gov,Genderfluid,135.101.0.22
527,Mirabelle,Handaside,mhandasideem@macromedia.com,Agender,136.25.110.101
528,Dev,Dibble,ddibbleen@list-manage.com,Polygender,111.73.236.204
529,Conchita,Roj,crojeo@washingtonpost.com,Male,218.171.129.24
530,Nickola,Kitt,nkittep@behance.net,Male,63.81.118.183
531,Glenden,Rosenblath,grosenblatheq@hhs.gov,Genderqueer,129.64.140.120
532,Ricoriki,Huison,rhuisoner@ask.com,Polygender,209.211.234.119
533,Miles,Pendrill,mpendrilles@wikipedia.org,Female,156.157.215.235
534,Wolfy,Dubble,wdubbleet@tinypic.com,Agender,206.138.122.27
535,Frayda,Sollner,fsollnereu@instagram.com,Female,124.234.105.55
536,Edmund,Franceschelli,efranceschelliev@washington.edu,Female,32.167.17.220
537,Malissia,Castell,mcastellew@unicef.org,Non-binary,166.250.14.38
538,Hephzibah,Elsmore,helsmoreex@timesonline.co.uk,Male,57.65.159.132
539,Esme,Grigorini,egrigoriniey@wikia.com,Female,142.45.121.184
540,Marcelo,McGiveen,mmcgiveenez@cbc.ca,Bigender,94.239.120.66
541,Roxie,Fussey,rfusseyf0@ucsd.edu,Male,122.237.111.109
542,Margo,Regnard,mregnardf1@ocn.ne.jp,Bigender,75.234.95.84
543,Everett,Keen,ekeenf2@quantcast.com,Bigender,6.210.221.154
544,Valaree,Sheldrake,vsheldrakef3@technorati.com,Genderfluid,59.115.4.48
545,Davon,Sperwell,dsperwellf4@sina.com.cn,Bigender,76.208.152.80
546,Kelly,Retchford,kretchfordf5@geocities.com,Agender,32.215.85.145
547,Zachary,Seint,zseintf6@blogtalkradio.com,Male,219.211.240.45
548,Dore,Muttock,dmuttockf7@state.gov,Female,230.125.185.20
549,Ivette,Mackerel,imackerelf8@gnu.org,Non-binary,141.40.94.79
550,Willard,Papen,wpapenf9@sfgate.com,Bigender,78.83.48.226
551,Liza,Tompsett,ltompsettfa@epa.gov,Bigender,45.102.81.239
552,Georgena,Romagosa,gromagosafb@paginegialle.it,Non-binary,17.152.146.16
553,Bert,Romain,bromainfc@google.co.uk,Polygender,223.184.247.175
554,Ashlin,Sneyd,asneydfd@scientificamerican.com,Female,243.31.13.44
555,Kayley,Bowland,kbowlandfe@japanpost.jp,Non-binary,103.50.224.10
556,Sergei,Cline,sclineff@cbc.ca,Bigender,10.12.208.150
557,Aleda,Pashbee,apashbeefg@behance.net,Non-binary,26.17.5.156
558,Skipper,Meconi,smeconifh@usgs.gov,Non-binary,189.60.146.40
559,Rosanna,Dukesbury,rdukesburyfi@opensource.org,Agender,164.84.218.127
560,Darcie,Bunstone,dbunstonefj@feedburner.com,Agender,6.105.119.60
561,Christa,Baack,cbaackfk@gravatar.com,Polygender,75.216.89.94
562,Norton,Cruwys,ncruwysfl@hhs.gov,Female,174.217.171.54
563,Jamie,Mithan,jmithanfm@nifty.com,Agender,173.151.206.37
564,Rosie,Wooddisse,rwooddissefn@yolasite.com,Female,135.25.70.115
565,Sianna,McElrea,smcelreafo@storify.com,Non-binary,56.206.248.228
566,Gauthier,Fylan,gfylanfp@ning.com,Agender,193.189.239.117
567,Cissy,Lavington,clavingtonfq@jigsy.com,Genderqueer,69.119.52.22
568,Jody,Schwartz,jschwartzfr@addthis.com,Polygender,73.150.23.138
569,Elihu,Ritch,eritchfs@omniture.com,Non-binary,229.149.69.86
570,Janetta,Giacomasso,jgiacomassoft@buzzfeed.com,Polygender,178.207.94.246
571,Sallyann,Gebbie,sgebbiefu@globo.com,Genderfluid,217.155.124.129
572,Lucias,Stormonth,lstormonthfv@dot.gov,Genderqueer,39.9.97.23
573,Israel,Edwardson,iedwardsonfw@xinhuanet.com,Genderqueer,85.220.189.100
574,Ulrica,Petrushka,upetrushkafx@ihg.com,Male,109.13.140.218
575,Maximilien,Lohoar,mlohoarfy@wufoo.com,Agender,195.255.165.34
576,Renaud,MacCaull,rmaccaullfz@upenn.edu,Genderfluid,74.162.255.6
577,Bettye,Calcut,bcalcutg0@google.de,Genderqueer,93.42.9.142
578,Otha,Kropp,okroppg1@spotify.com,Non-binary,158.137.42.21
579,Farley,Hassen,fhasseng2@economist.com,Genderqueer,210.219.226.113
580,Madella,Woodwing,mwoodwingg3@nhs.uk,Genderfluid,40.107.104.40
581,Harald,O'Dunniom,hodunniomg4@eepurl.com,Agender,240.90.79.239
582,Cammy,Cicchelli,ccicchellig5@go.com,Non-binary,170.127.125.152
583,Doro,Arthy,darthyg6@lycos.com,Non-binary,73.142.168.156
584,Prince,Robison,probisong7@pen.io,Genderfluid,164.128.123.128
585,Lee,Suthworth,lsuthworthg8@noaa.gov,Female,169.89.27.58
586,Dorice,Maseres,dmaseresg9@hexun.com,Male,250.0.134.40
587,Stephani,Ballin,sballinga@slashdot.org,Genderqueer,147.235.205.102
588,Petronille,Piggrem,ppiggremgb@slashdot.org,Male,94.9.250.47
589,Augustine,Ricciardo,aricciardogc@weebly.com,Agender,1.63.228.160
590,Clovis,Lownds,clowndsgd@forbes.com,Genderfluid,79.28.164.187
591,Seline,Norval,snorvalge@alibaba.com,Genderfluid,90.213.22.89
592,Wendi,Fairham,wfairhamgf@webs.com,Agender,124.152.168.61
593,Cinda,Dunbavin,cdunbavingg@typepad.com,Agender,93.171.101.157
594,Barry,de Villier,bdevilliergh@yellowbook.com,Genderqueer,87.115.127.247
595,Willetta,Gaskin,wgaskingi@seattletimes.com,Genderqueer,69.223.64.38
596,Dore,Vettore,dvettoregj@prnewswire.com,Genderqueer,91.230.92.55
597,Jennee,Futcher,jfutchergk@usatoday.com,Female,101.72.249.212
598,Trefor,Chinnock,tchinnockgl@flavors.me,Agender,133.46.94.123
599,Cathyleen,Di Giacomettino,cdigiacomettinogm@imgur.com,Genderqueer,255.188.174.231
600,Goran,Dominguez,gdominguezgn@wufoo.com,Female,240.22.203.132
601,Emelen,D'Alwis,edalwisgo@friendfeed.com,Male,211.39.1.111
602,Nisse,Mulder,nmuldergp@shutterfly.com,Bigender,222.98.176.160
603,Johnathan,Quilty,jquiltygq@china.com.cn,Female,186.240.105.13
604,Cody,Cargen,ccargengr@nifty.com,Male,233.204.255.111
605,Delinda,Braizier,dbraiziergs@indiatimes.com,Genderfluid,214.68.29.23
606,Darb,Marvell,dmarvellgt@amazon.com,Genderfluid,210.201.143.7
607,Tonnie,Vinson,tvinsongu@google.com.au,Bigender,85.238.136.194
608,Bunni,Scrowston,bscrowstongv@studiopress.com,Female,213.134.249.159
609,Bentley,Safont,bsafontgw@wordpress.com,Female,105.248.125.184
610,Courtenay,Andreaccio,candreacciogx@yale.edu,Non-binary,238.64.20.169
611,Raynell,Baggs,rbaggsgy@cnn.com,Male,225.51.49.178
612,Charmain,Spicer,cspicergz@sciencedaily.com,Male,119.222.37.106
613,Rafael,Cordaroy,rcordaroyh0@miitbeian.gov.cn,Polygender,69.235.219.150
614,Waylin,Selbach,wselbachh1@gnu.org,Bigender,99.0.63.226
615,Pyotr,Springthorpe,pspringthorpeh2@ftc.gov,Bigender,116.176.245.118
616,Willi,Knoble,wknobleh3@bluehost.com,Agender,94.31.189.70
617,Paolina,Kiln,pkilnh4@un.org,Non-binary,123.68.210.30
618,Roderick,Loughran,rloughranh5@microsoft.com,Agender,3.241.143.76
619,Rudy,Parsell,rparsellh6@live.com,Genderfluid,211.230.90.90
620,Tyson,Rottcher,trottcherh7@ameblo.jp,Non-binary,17.163.217.121
621,Diane-marie,Van Dale,dvandaleh8@studiopress.com,Genderqueer,53.9.244.29
622,Theda,Pavlov,tpavlovh9@sourceforge.net,Agender,200.95.52.203
623,Kerr,Torrent,ktorrentha@japanpost.jp,Male,178.70.204.52
624,Moishe,Box,mboxhb@europa.eu,Agender,235.241.247.158
625,Marget,Bonder,mbonderhc@virginia.edu,Non-binary,51.160.165.20
626,Lib,Kedie,lkediehd@tmall.com,Bigender,6.195.143.215
627,Joella,Tommeo,jtommeohe@homestead.com,Bigender,247.92.24.63
628,Clemmy,Rossi,crossihf@goo.ne.jp,Female,84.128.14.124
629,Phyllida,Charpin,pcharpinhg@google.fr,Genderfluid,24.222.51.160
630,Celle,Diggle,cdigglehh@google.ca,Non-binary,83.250.143.143
631,Rikki,Gerretsen,rgerretsenhi@dmoz.org,Male,252.181.48.67
632,Chere,Zannolli,czannollihj@cnbc.com,Agender,74.6.160.177
633,Gerrilee,Melding,gmeldinghk@dropbox.com,Bigender,209.147.212.121
634,Rosene,Kelshaw,rkelshawhl@prweb.com,Female,56.102.87.101
635,Damiano,Ginman,dginmanhm@myspace.com,Non-binary,82.82.141.8
636,Dody,Priscott,dpriscotthn@quantcast.com,Genderqueer,11.251.196.238
637,Gaelan,Mulcock,gmulcockho@vistaprint.com,Non-binary,116.122.126.243
638,Annabela,Widdall,awiddallhp@lycos.com,Female,134.59.133.226
639,Riannon,Stobbes,rstobbeshq@comcast.net,Bigender,171.181.104.142
640,Almire,Beazer,abeazerhr@alexa.com,Female,74.145.150.15
641,Pat,Brunet,pbruneths@ox.ac.uk,Agender,7.160.197.230
642,Antonin,Gogan,agoganht@ehow.com,Polygender,161.21.255.11
643,Mateo,Orrell,morrellhu@dropbox.com,Non-binary,99.98.244.28
644,Constantina,Gwin,cgwinhv@slideshare.net,Agender,89.12.169.159
645,Trudy,O' Donohoe,todonohoehw@multiply.com,Agender,59.131.153.37
646,Virgilio,Rounding,vroundinghx@cam.ac.uk,Male,225.44.155.210
647,Con,Baraja,cbarajahy@ibm.com,Genderqueer,72.108.228.131
648,Birgit,Weeks,bweekshz@istockphoto.com,Polygender,23.205.125.215
649,Vladimir,Buffham,vbuffhami0@disqus.com,Male,213.251.162.126
650,Libby,Talloe,ltalloei1@discovery.com,Non-binary,255.199.4.233
651,Tailor,Bubeer,tbubeeri2@google.es,Agender,162.168.175.11
652,Dianne,Wyndham,dwyndhami3@opensource.org,Female,237.36.113.21
653,Gamaliel,Campion,gcampioni4@time.com,Polygender,2.125.92.106
654,Travus,Stockney,tstockneyi5@360.cn,Bigender,217.212.235.208
655,Davie,Elfe,delfei6@bizjournals.com,Male,27.100.30.76
656,Edvard,Cavanagh,ecavanaghi7@google.com,Polygender,105.227.11.26
657,Almeda,Rozzell,arozzelli8@phpbb.com,Non-binary,128.1.230.42
658,Zsazsa,Coughtrey,zcoughtreyi9@yahoo.com,Bigender,218.164.236.45
659,Lilli,McNeish,lmcneishia@privacy.gov.au,Genderfluid,231.207.160.140
660,Trever,Gaythwaite,tgaythwaiteib@instagram.com,Non-binary,73.101.212.80
661,Dinnie,Thiem,dthiemic@scientificamerican.com,Male,179.225.219.150
662,Slade,Heighton,sheightonid@twitter.com,Male,130.121.190.148
663,Dmitri,Loseby,dlosebyie@wp.com,Male,89.255.224.249
664,Perry,D'Andrea,pdandreaif@msn.com,Bigender,17.55.229.44
665,Benton,Wileman,bwilemanig@blogs.com,Genderqueer,209.141.82.217
666,Cesya,Johnke,cjohnkeih@auda.org.au,Non-binary,128.177.237.121
667,Marcie,Chiles,mchilesii@icio.us,Agender,91.255.99.195
668,Stanwood,Kopp,skoppij@hexun.com,Genderfluid,10.82.188.207
669,Marge,Brewse,mbrewseik@marketwatch.com,Non-binary,181.188.239.172
670,Lynn,Reedyhough,lreedyhoughil@usatoday.com,Genderfluid,66.206.86.168
671,Brooks,Danforth,bdanforthim@adobe.com,Polygender,51.55.48.67
672,Moss,Whitemarsh,mwhitemarshin@unblog.fr,Genderqueer,63.197.14.7
673,Uta,Rosettini,urosettiniio@privacy.gov.au,Male,232.90.142.59
674,Fee,Wakenshaw,fwakenshawip@vk.com,Genderqueer,107.125.178.186
675,Veda,Widdison,vwiddisoniq@hud.gov,Female,132.205.74.222
676,Babs,Strahan,bstrahanir@live.com,Female,167.115.177.218
677,Dore,Beckey,dbeckeyis@rakuten.co.jp,Non-binary,158.56.59.97
678,Cammi,Limpertz,climpertzit@booking.com,Polygender,16.20.209.94
679,Katrinka,Murkus,kmurkusiu@webnode.com,Genderfluid,135.186.153.124
680,Ewen,Gheerhaert,egheerhaertiv@zdnet.com,Male,109.21.121.113
681,Beatrisa,Malcher,bmalcheriw@devhub.com,Polygender,8.36.175.89
682,Lacey,Dyerson,ldyersonix@tinyurl.com,Bigender,241.81.165.223
683,Barnebas,Gameson,bgamesoniy@sfgate.com,Polygender,51.188.191.136
684,Hally,Stobbs,hstobbsiz@odnoklassniki.ru,Female,8.224.74.53
685,Guthrie,Willgoss,gwillgossj0@usgs.gov,Male,1.121.162.99
686,Sherlocke,Bowler,sbowlerj1@furl.net,Female,28.30.157.8
687,Cecelia,Elphey,celpheyj2@harvard.edu,Bigender,105.68.211.148
688,Gabrielle,Bonnier,gbonnierj3@google.fr,Genderfluid,199.89.115.4
689,Rockie,Scedall,rscedallj4@earthlink.net,Male,141.147.176.126
690,Murial,Maclaine,mmaclainej5@yandex.ru,Non-binary,55.253.195.233
691,Amalia,Joddins,ajoddinsj6@epa.gov,Genderqueer,219.88.20.240
692,Nerissa,Balf,nbalfj7@washingtonpost.com,Bigender,221.96.79.196
693,Darby,Aldous,daldousj8@va.gov,Male,14.194.237.45
694,Cloe,Brimley,cbrimleyj9@addthis.com,Male,170.153.210.87
695,Aurelea,Marsie,amarsieja@dedecms.com,Genderqueer,230.125.218.240
696,Myca,Timlett,mtimlettjb@virginia.edu,Bigender,193.154.1.152
697,Ingram,Colquete,icolquetejc@w3.org,Agender,100.166.119.5
698,Witty,Josselsohn,wjosselsohnjd@hc360.com,Polygender,108.139.202.128
699,Emili,Adamek,eadamekje@yahoo.co.jp,Male,89.220.184.107
700,Flora,Audrey,faudreyjf@dagondesign.com,Male,229.96.177.221
701,Pavla,Tippell,ptippelljg@time.com,Polygender,97.235.134.137
702,Hortensia,Rebillard,hrebillardjh@sina.com.cn,Genderfluid,98.177.224.244
703,Ofilia,McCandless,omccandlessji@merriam-webster.com,Bigender,157.175.21.99
704,Duff,Lucio,dluciojj@shinystat.com,Genderqueer,71.40.173.176
705,Ansley,Hazelden,ahazeldenjk@economist.com,Non-binary,103.33.250.10
706,Edita,Lodeke,elodekejl@webnode.com,Genderfluid,160.162.191.105
707,Melessa,Breslauer,mbreslauerjm@last.fm,Male,11.205.62.127
708,Far,Attawell,fattawelljn@dell.com,Male,9.6.252.170
709,Matthias,Gossop,mgossopjo@biglobe.ne.jp,Male,240.175.118.243
710,Kelby,Taffurelli,ktaffurellijp@pcworld.com,Non-binary,48.16.47.149
711,Birk,Jopke,bjopkejq@time.com,Polygender,143.131.6.205
712,Derron,Gatecliffe,dgatecliffejr@yahoo.com,Bigender,52.26.24.103
713,Arleyne,Newband,anewbandjs@salon.com,Genderfluid,74.23.125.213
714,Fredi,Christiensen,fchristiensenjt@gmpg.org,Polygender,11.163.95.212
715,Carlo,Zettler,czettlerju@earthlink.net,Female,53.179.148.203
716,Pandora,Wyper,pwyperjv@issuu.com,Male,8.226.102.71
717,Ollie,Medgwick,omedgwickjw@biblegateway.com,Polygender,165.7.116.177
718,Jesselyn,Bingle,jbinglejx@instagram.com,Genderfluid,155.127.185.189
719,Ethelbert,Knifton,ekniftonjy@domainmarket.com,Agender,124.17.187.188
720,Riva,Barde,rbardejz@marketwatch.com,Polygender,87.90.96.210
721,Darrelle,Winfrey,dwinfreyk0@nasa.gov,Male,212.189.159.0
722,Rowe,Wallington,rwallingtonk1@wunderground.com,Male,177.171.145.63
723,Emmalyn,Sammes,esammesk2@over-blog.com,Male,184.35.26.225
724,Skylar,Straun,sstraunk3@newyorker.com,Genderqueer,132.88.199.17
725,Stevena,Phillpot,sphillpotk4@china.com.cn,Agender,158.249.143.138
726,Rand,Frigout,rfrigoutk5@pbs.org,Male,150.79.34.12
727,Nedi,Frentz,nfrentzk6@creativecommons.org,Agender,209.53.48.216
728,Daryn,Thridgould,dthridgouldk7@webmd.com,Genderqueer,44.104.73.194
729,Westbrook,Stockport,wstockportk8@bloomberg.com,Agender,114.241.159.50
730,Adriaens,Skurray,askurrayk9@xing.com,Male,6.214.70.125
731,Raddy,McDermott,rmcdermottka@dedecms.com,Genderqueer,55.149.30.160
732,Viviyan,Hardway,vhardwaykb@deviantart.com,Genderfluid,24.36.184.149
733,Ailey,Peatt,apeattkc@unicef.org,Polygender,223.231.172.102
734,Zacherie,Marney,zmarneykd@ask.com,Female,67.223.31.36
735,Conn,Devenny,cdevennyke@google.it,Agender,41.232.40.230
736,Haily,Cumberland,hcumberlandkf@dmoz.org,Non-binary,10.47.157.177
737,Bartram,Daltry,bdaltrykg@friendfeed.com,Male,1.9.55.47
738,Humfrid,Crickmore,hcrickmorekh@ifeng.com,Female,51.74.147.133
739,Winnifred,Van der Hoeven,wvanderhoevenki@sciencedaily.com,Genderqueer,227.85.124.41
740,Malinda,Sealove,msealovekj@naver.com,Male,26.179.208.154
741,Locke,Corssen,lcorssenkk@europa.eu,Polygender,27.141.40.77
742,Diena,Whelpton,dwhelptonkl@oaic.gov.au,Female,206.253.126.91
743,Denise,Colcomb,dcolcombkm@patch.com,Polygender,76.140.40.27
744,Julienne,Ashingden,jashingdenkn@dedecms.com,Female,8.249.82.3
745,Vic,Ducrow,vducrowko@weather.com,Non-binary,190.12.202.196
746,Arda,Witt,awittkp@blinklist.com,Genderqueer,44.105.62.95
747,Ann-marie,Gilloran,agillorankq@bravesites.com,Genderqueer,5.118.94.134
748,Florie,Bern,fbernkr@dell.com,Non-binary,157.16.159.233
749,Charlena,Aldam,caldamks@last.fm,Agender,160.70.45.59
750,Demetria,Calafate,dcalafatekt@liveinternet.ru,Genderqueer,153.100.160.155
751,Cammie,Pietz,cpietzku@omniture.com,Agender,11.192.62.162
752,Winnie,Greeding,wgreedingkv@theglobeandmail.com,Genderfluid,42.150.133.174
753,Franky,Squibbs,fsquibbskw@latimes.com,Genderqueer,42.160.131.6
754,Ludwig,Tollmache,ltollmachekx@gizmodo.com,Bigender,207.4.169.105
755,Vita,Piercy,vpiercyky@uiuc.edu,Agender,230.119.172.103
756,Artie,Mighele,amighelekz@acquirethisname.com,Polygender,177.108.235.150
757,Darci,Polye,dpolyel0@ted.com,Genderfluid,90.207.106.189
758,Vivi,Sweeney,vsweeneyl1@rakuten.co.jp,Genderfluid,185.154.83.234
759,Hendrick,Colthurst,hcolthurstl2@etsy.com,Male,77.100.43.7
760,Herold,Leon,hleonl3@behance.net,Genderfluid,191.159.120.131
761,Bernice,Hasley,bhasleyl4@virginia.edu,Genderfluid,239.198.38.140
762,Hermann,McDuffie,hmcduffiel5@linkedin.com,Genderfluid,166.122.181.187
763,Celestyn,Billingsley,cbillingsleyl6@livejournal.com,Agender,23.145.187.195
764,Shoshana,Casol,scasoll7@princeton.edu,Genderqueer,89.132.246.50
765,Cleon,Di Boldi,cdiboldil8@scientificamerican.com,Female,188.175.171.147
766,Blakeley,Ireland,birelandl9@usda.gov,Agender,43.172.153.180
767,Adelice,Bunten,abuntenla@msn.com,Polygender,176.237.241.130
768,Carter,Greenman,cgreenmanlb@delicious.com,Genderfluid,33.153.189.49
769,Cassandre,Jurzyk,cjurzyklc@washington.edu,Non-binary,242.220.14.92
770,Cloris,Gostling,cgostlingld@networkadvertising.org,Genderqueer,182.174.92.100
771,Clemmy,Schuh,cschuhle@hc360.com,Polygender,108.151.170.82
772,Dewey,Fogt,dfogtlf@hostgator.com,Polygender,101.179.97.68
773,Derick,Jovis,djovislg@bravesites.com,Male,131.98.75.242
774,Barnabe,Arnhold,barnholdlh@archive.org,Polygender,88.75.14.128
775,Latashia,O' Hern,lohernli@businesswire.com,Male,78.95.88.15
776,Garold,Hodgen,ghodgenlj@cpanel.net,Male,192.161.81.134
777,Magdaia,Yo,myolk@scribd.com,Polygender,88.210.165.218
778,Rudolph,Evennett,revennettll@google.cn,Polygender,154.69.117.132
779,Dun,Billinge,dbillingelm@redcross.org,Genderqueer,198.161.210.127
780,Ellary,Meiningen,emeiningenln@businessinsider.com,Bigender,27.228.238.243
781,Augustina,Lippitt,alippittlo@flickr.com,Genderqueer,44.0.20.185
782,Merle,Sterman,mstermanlp@example.com,Bigender,197.195.72.198
783,Livvie,Sheehan,lsheehanlq@zdnet.com,Male,212.52.239.224
784,Cristina,Bristowe,cbristowelr@opensource.org,Genderqueer,175.17.228.125
785,Dorothy,Picheford,dpichefordls@irs.gov,Polygender,92.103.199.154
786,Verla,Castelijn,vcastelijnlt@xrea.com,Agender,169.60.101.21
787,Abran,Gover,agoverlu@telegraph.co.uk,Polygender,167.207.161.43
788,Sheri,Klewer,sklewerlv@bluehost.com,Female,21.221.20.188
789,Rochelle,Domanski,rdomanskilw@msn.com,Non-binary,176.17.115.99
790,Dilly,Rohlfing,drohlfinglx@addthis.com,Bigender,48.27.32.213
791,Benita,Lennard,blennardly@ebay.com,Agender,55.223.188.198
792,Marijn,Gyngell,mgyngelllz@goo.gl,Genderfluid,252.205.159.103
793,Hermann,Skill,hskillm0@bloglovin.com,Genderqueer,78.84.94.56
794,Sybil,Bradnam,sbradnamm1@nymag.com,Genderfluid,98.104.30.141
795,Judi,Michelotti,jmichelottim2@blog.com,Male,113.75.229.236
796,Flem,O'Loughane,foloughanem3@imageshack.us,Polygender,220.19.167.120
797,Arri,Wedderburn,awedderburnm4@dailymail.co.uk,Genderfluid,105.101.9.184
798,Alexandrina,Fossick,afossickm5@devhub.com,Non-binary,42.179.89.103
799,Edwina,Jodrellec,ejodrellecm6@exblog.jp,Polygender,252.153.201.4
800,Dav,Mauditt,dmaudittm7@gravatar.com,Genderfluid,33.41.50.0
801,Ladonna,Impey,limpeym8@usatoday.com,Male,171.50.47.6
802,Kathlin,McNamara,kmcnamaram9@mysql.com,Bigender,234.88.151.51
803,Denney,Arrault,darraultma@craigslist.org,Male,136.233.226.117
804,Lusa,Gauford,lgaufordmb@illinois.edu,Polygender,132.255.95.94
805,Karlan,Want,kwantmc@epa.gov,Female,149.0.137.177
806,Carie,Brockton,cbrocktonmd@instagram.com,Genderqueer,167.21.95.82
807,Errol,Rawlings,erawlingsme@privacy.gov.au,Non-binary,176.234.89.83
808,Gabriele,Janicki,gjanickimf@adobe.com,Agender,177.21.0.199
809,Milt,Henstone,mhenstonemg@vimeo.com,Polygender,14.188.235.158
810,Lettie,Janko,ljankomh@msu.edu,Genderfluid,175.6.18.216
811,Jonie,Dell,jdellmi@drupal.org,Genderfluid,202.9.13.51
812,Humberto,Lezemere,hlezemeremj@blogs.com,Polygender,235.232.122.113
813,Sol,Attew,sattewmk@oracle.com,Bigender,254.180.52.202
814,Tannie,Winpenny,twinpennyml@bbb.org,Polygender,18.11.123.75
815,Kearney,Impey,kimpeymm@thetimes.co.uk,Female,66.147.246.110
816,Carce,Rawsthorne,crawsthornemn@vimeo.com,Male,193.17.100.195
817,Drucy,Megroff,dmegroffmo@wordpress.com,Male,252.131.180.52
818,Avivah,Pilsworth,apilsworthmp@rambler.ru,Female,223.51.37.141
819,Kort,Ballsdon,kballsdonmq@amazon.de,Polygender,19.96.108.152
820,Katharyn,Lowless,klowlessmr@webeden.co.uk,Bigender,155.210.181.8
821,Zita,Andryunin,zandryuninms@yahoo.com,Genderfluid,230.33.35.90
822,Dougie,Rentoll,drentollmt@unc.edu,Non-binary,239.26.56.99
823,Helli,de Verson,hdeversonmu@google.cn,Genderfluid,133.248.85.104
824,Larina,Grishukov,lgrishukovmv@networksolutions.com,Genderqueer,148.28.138.216
825,Sileas,Van der Daal,svanderdaalmw@independent.co.uk,Bigender,227.177.175.8
826,Hersch,Suggey,hsuggeymx@twitpic.com,Agender,98.43.138.205
827,Billi,De Brett,bdebrettmy@amazon.com,Male,36.59.81.167
828,Valentine,Riddler,vriddlermz@netvibes.com,Polygender,66.251.221.32
829,Nora,Keat,nkeatn0@google.fr,Female,43.246.255.56
830,Theresina,Bastian,tbastiann1@drupal.org,Genderfluid,61.211.55.188
831,Alessandra,Witnall,awitnalln2@cocolog-nifty.com,Polygender,20.46.221.92
832,Jeannine,Porson,jporsonn3@washingtonpost.com,Genderfluid,58.181.24.175
833,Andris,Rothman,arothmann4@amazon.co.uk,Bigender,229.125.229.175
834,Sherwood,Balsdone,sbalsdonen5@cmu.edu,Polygender,141.95.75.75
835,Tobye,McEntagart,tmcentagartn6@free.fr,Male,30.126.27.31
836,Kacie,Denyakin,kdenyakinn7@addtoany.com,Bigender,149.76.148.209
837,Bell,Pedroli,bpedrolin8@google.co.uk,Non-binary,41.62.59.130
838,Neilla,Mates,nmatesn9@thetimes.co.uk,Genderqueer,35.211.113.226
839,Junette,Jerrand,jjerrandna@sun.com,Agender,213.10.105.109
840,Alford,Rysdale,arysdalenb@jugem.jp,Genderqueer,120.235.209.17
841,Joshia,Boswood,jboswoodnc@utexas.edu,Bigender,241.219.106.249
842,Daveen,Thoresby,dthoresbynd@geocities.com,Agender,100.24.80.119
843,Marja,Peasee,mpeaseene@sogou.com,Male,115.175.176.151
844,Dorrie,Blight,dblightnf@utexas.edu,Female,151.211.33.145
845,Talia,Dunnet,tdunnetng@statcounter.com,Genderfluid,188.61.64.213
846,Kippy,Menham,kmenhamnh@squidoo.com,Bigender,88.134.134.204
847,Michele,Hobbing,mhobbingni@webeden.co.uk,Bigender,69.1.213.77
848,Roselin,Colquhoun,rcolquhounnj@irs.gov,Female,164.100.157.108
849,Michelle,Laye,mlayenk@furl.net,Polygender,86.220.235.87
850,Faythe,Learoid,flearoidnl@canalblog.com,Male,193.61.40.192
851,Lambert,Sayward,lsaywardnm@diigo.com,Polygender,135.194.241.116
852,Deana,Larvin,dlarvinnn@yelp.com,Polygender,5.21.20.238
853,Shannah,Tarbet,starbetno@howstuffworks.com,Agender,72.133.130.213
854,Carlin,McKinlay,cmckinlaynp@godaddy.com,Bigender,124.248.247.47
855,Annemarie,Blaske,ablaskenq@ehow.com,Agender,66.234.229.89
856,Axe,Lewis,alewisnr@myspace.com,Polygender,178.251.147.170
857,Thorn,Giorio,tgiorions@hexun.com,Female,161.252.56.10
858,Augy,Beavers,abeaversnt@technorati.com,Genderqueer,216.121.213.108
859,Sondra,Burnhams,sburnhamsnu@4shared.com,Non-binary,47.201.91.63
860,Evanne,Lumly,elumlynv@bandcamp.com,Male,254.159.228.127
861,Holli,Bannon,hbannonnw@homestead.com,Non-binary,173.178.226.121
862,Constantia,Wanklin,cwanklinnx@google.co.uk,Agender,243.81.6.229
863,Phip,Turmall,pturmallny@whitehouse.gov,Genderfluid,199.209.214.215
864,Brocky,Thomke,bthomkenz@digg.com,Genderqueer,248.226.65.189
865,Jordain,Elgood,jelgoodo0@sina.com.cn,Genderfluid,204.48.60.207
866,Jolie,Alger,jalgero1@youtu.be,Male,222.116.20.159
867,Jacklin,Jillett,jjilletto2@devhub.com,Bigender,23.43.41.173
868,Isacco,Boscher,iboschero3@jimdo.com,Non-binary,68.8.85.75
869,Gustave,Antalffy,gantalffyo4@qq.com,Non-binary,70.180.21.25
870,Parsifal,MacInerney,pmacinerneyo5@unesco.org,Male,58.14.172.23
871,Gabbey,Kinghorn,gkinghorno6@tripadvisor.com,Agender,184.176.204.171
872,Guthrey,Mebes,gmebeso7@bbc.co.uk,Genderfluid,91.16.174.229
873,Reilly,Bazell,rbazello8@deviantart.com,Non-binary,66.43.249.220
874,Desmond,MacFadzean,dmacfadzeano9@cbslocal.com,Male,231.70.179.128
875,Lenci,Blaxland,lblaxlandoa@bizjournals.com,Male,12.47.160.141
876,See,Cuckoo,scuckooob@histats.com,Genderqueer,210.188.195.13
877,Sherie,Alvin,salvinoc@dedecms.com,Non-binary,114.68.141.145
878,Ricard,Sculley,rsculleyod@addthis.com,Genderqueer,60.25.55.219
879,Putnem,Briton,pbritonoe@naver.com,Genderqueer,75.208.90.10
880,Sile,Ormesher,sormesherof@seesaa.net,Genderqueer,199.29.98.175
881,Courtnay,Madrell,cmadrellog@yandex.ru,Polygender,204.235.3.1
882,Yardley,Quinnelly,yquinnellyoh@blogtalkradio.com,Genderqueer,118.246.63.110
883,Marta,Greenroyd,mgreenroydoi@msn.com,Male,69.250.218.80
884,Brandtr,Carnell,bcarnelloj@homestead.com,Male,153.245.1.241
885,Brear,Muggeridge,bmuggeridgeok@wikispaces.com,Polygender,234.203.9.88
886,Shandeigh,Kinkaid,skinkaidol@pen.io,Agender,119.114.219.232
887,Gardy,Stebbins,gstebbinsom@jimdo.com,Genderfluid,57.171.119.87
888,Elsworth,Royce,eroyceon@blinklist.com,Non-binary,43.182.111.86
889,Steve,Pincott,spincottoo@hubpages.com,Genderqueer,102.211.103.25
890,Doralynn,Tomaszek,dtomaszekop@sina.com.cn,Female,254.157.40.115
891,Georgianna,Bool,gbooloq@forbes.com,Polygender,95.211.150.118
892,Bendick,Maffucci,bmaffuccior@imageshack.us,Female,69.247.200.77
893,Perkin,Healks,phealksos@adobe.com,Polygender,157.180.46.3
894,Thomasin,Delicate,tdelicateot@constantcontact.com,Genderfluid,139.159.115.168
895,Blondell,Fidell,bfidellou@patch.com,Non-binary,109.38.77.17
896,Eduard,Clemens,eclemensov@sciencedirect.com,Non-binary,111.85.237.33
897,Lamont,Vaughten,lvaughtenow@moonfruit.com,Genderfluid,10.210.253.146
898,Amelie,Habershon,ahabershonox@elegantthemes.com,Male,170.83.216.225
899,Thalia,Le Merchant,tlemerchantoy@google.ru,Male,91.176.170.145
900,Nick,Mabbs,nmabbsoz@sohu.com,Female,250.211.87.145
901,Kori,Prosch,kproschp0@macromedia.com,Non-binary,42.41.239.3
902,Marcos,Armal,marmalp1@issuu.com,Polygender,200.66.114.123
903,Urson,Maccrea,umaccreap2@ca.gov,Genderqueer,87.201.42.246
904,Arlyne,Wishart,awishartp3@netvibes.com,Bigender,177.48.20.166
905,Addie,Frogley,afrogleyp4@sina.com.cn,Female,188.84.198.163
906,Rosita,Milkeham,rmilkehamp5@disqus.com,Non-binary,143.44.215.243
907,Zach,Brunger,zbrungerp6@google.pl,Genderqueer,119.204.233.59
908,Agna,Tolussi,atolussip7@odnoklassniki.ru,Male,11.156.108.220
909,Nehemiah,Sturmey,nsturmeyp8@meetup.com,Female,159.203.61.187
910,Sophia,Haddrell,shaddrellp9@newsvine.com,Polygender,244.108.78.206
911,Gayle,Bugge,gbuggepa@dailymail.co.uk,Genderfluid,53.143.27.182
912,Myrle,Willets,mwilletspb@cpanel.net,Agender,31.10.110.232
913,Lorry,Tiddeman,ltiddemanpc@elegantthemes.com,Female,78.89.32.147
914,Jacinda,O' Quirk,joquirkpd@yahoo.co.jp,Bigender,29.9.125.5
915,Viv,Quinet,vquinetpe@nytimes.com,Genderqueer,105.156.193.90
916,Denise,Crimin,dcriminpf@discuz.net,Agender,247.3.145.172
917,Alyse,Ashdown,aashdownpg@tmall.com,Polygender,116.200.101.2
918,Kirby,Lanahan,klanahanph@imdb.com,Polygender,88.133.30.147
919,Seumas,Ianizzi,sianizzipi@vinaora.com,Bigender,118.182.254.70
920,Robena,Brumble,rbrumblepj@cloudflare.com,Non-binary,40.106.164.80
921,Ophelia,Sedman,osedmanpk@msu.edu,Polygender,205.67.105.236
922,Emelita,Overstreet,eoverstreetpl@yahoo.co.jp,Polygender,115.91.172.181
923,Nicholas,Stuckow,nstuckowpm@github.io,Genderqueer,59.225.42.236
924,Ham,Muzzillo,hmuzzillopn@gnu.org,Agender,147.31.191.229
925,Nero,Faustin,nfaustinpo@google.de,Non-binary,44.209.137.229
926,Casandra,Pfaff,cpfaffpp@craigslist.org,Bigender,186.175.219.164
927,Ashley,Fuzzens,afuzzenspq@sphinn.com,Bigender,103.187.153.192
928,Malvin,Temlett,mtemlettpr@linkedin.com,Female,237.127.155.66
929,Jefferey,Llewellen,jllewellenps@vistaprint.com,Non-binary,215.26.94.140
930,Avictor,Haresign,aharesignpt@t.co,Polygender,90.91.67.102
931,Vi,Rough,vroughpu@toplist.cz,Female,143.238.15.196
932,Dewitt,Abarough,dabaroughpv@bizjournals.com,Polygender,198.24.34.50
933,Marline,Laven,mlavenpw@imdb.com,Male,93.42.192.247
934,Mollie,Durber,mdurberpx@e-recht24.de,Male,193.17.45.18
935,Vernon,Chadbourn,vchadbournpy@bloomberg.com,Genderqueer,236.196.138.24
936,Cly,Kersley,ckersleypz@yellowbook.com,Genderfluid,97.104.13.110
937,Bonnie,Gilligan,bgilliganq0@auda.org.au,Genderqueer,185.103.202.57
938,Rodie,Assur,rassurq1@w3.org,Agender,236.7.227.60
939,Hugo,Hamflett,hhamflettq2@gravatar.com,Genderqueer,91.29.127.53
940,Serge,Sandells,ssandellsq3@soundcloud.com,Genderqueer,11.1.238.23
941,Pavel,Stitch,pstitchq4@weather.com,Agender,194.219.59.16
942,Dwight,Lillow,dlillowq5@live.com,Genderfluid,57.175.173.136
943,Vassili,Fones,vfonesq6@sakura.ne.jp,Polygender,48.143.173.124
944,Leonhard,Fouracre,lfouracreq7@geocities.com,Male,67.127.68.179
945,Merrili,Kerans,mkeransq8@berkeley.edu,Agender,12.144.164.64
946,Marline,Marcum,mmarcumq9@bing.com,Bigender,210.71.69.12
947,Reade,Weyland,rweylandqa@sciencedirect.com,Bigender,64.143.183.130
948,Colver,Bonaire,cbonaireqb@arizona.edu,Genderfluid,85.175.57.77
949,Lillian,Jaynes,ljaynesqc@independent.co.uk,Female,158.46.57.147
950,Kellyann,Tudge,ktudgeqd@over-blog.com,Bigender,227.205.29.72
951,Rickey,Oneil,roneilqe@toplist.cz,Bigender,9.149.171.255
952,Bennie,Brastead,bbrasteadqf@multiply.com,Non-binary,102.183.33.105
953,Sergei,Roiz,sroizqg@gmpg.org,Male,46.194.100.21
954,Rafi,Pendrich,rpendrichqh@japanpost.jp,Agender,134.82.219.133
955,Lurline,Morales,lmoralesqi@cisco.com,Non-binary,180.50.217.65
956,Bondy,Horrell,bhorrellqj@usatoday.com,Female,40.86.204.63
957,Leisha,Kleinpeltz,lkleinpeltzqk@vinaora.com,Bigender,217.216.68.39
958,Diana,Hartnup,dhartnupql@technorati.com,Female,54.81.187.36
959,Felipa,Croix,fcroixqm@jalbum.net,Agender,82.98.233.158
960,Opaline,Drillot,odrillotqn@bigcartel.com,Non-binary,36.136.39.216
961,Colas,Cato,ccatoqo@storify.com,Polygender,233.198.94.59
962,Bogart,Maurice,bmauriceqp@home.pl,Female,70.52.234.79
963,Rosalie,Tims,rtimsqq@nsw.gov.au,Polygender,9.175.129.112
964,Barty,Boarder,bboarderqr@jiathis.com,Polygender,208.83.25.109
965,Stormi,Iglesia,siglesiaqs@ask.com,Male,168.25.215.188
966,Barbe,Greenall,bgreenallqt@vinaora.com,Genderfluid,210.7.133.222
967,Katey,Geerits,kgeeritsqu@godaddy.com,Female,67.139.191.106
968,Patton,Kermitt,pkermittqv@exblog.jp,Genderqueer,68.235.18.158
969,Greggory,Klee,gkleeqw@addtoany.com,Female,182.244.175.7
970,Genni,de Castelain,gdecastelainqx@utexas.edu,Genderfluid,95.111.87.0
971,Olenolin,Grumell,ogrumellqy@virginia.edu,Female,84.240.8.242
972,Freemon,Woltman,fwoltmanqz@123-reg.co.uk,Male,6.29.222.216
973,Aylmer,Bridgman,abridgmanr0@google.com.hk,Polygender,173.134.141.8
974,Meridith,Yockney,myockneyr1@instagram.com,Polygender,146.167.74.150
975,Griffy,Romand,gromandr2@msu.edu,Non-binary,16.234.232.245
976,Janie,Curless,jcurlessr3@comsenz.com,Female,166.51.183.220
977,Dill,Pideon,dpideonr4@time.com,Genderfluid,142.62.67.43
978,Rosemonde,Matyushonok,rmatyushonokr5@bloglovin.com,Agender,97.26.136.122
979,Alan,Venart,avenartr6@weibo.com,Non-binary,221.218.29.166
980,Robert,Muldownie,rmuldownier7@hibu.com,Genderqueer,117.90.161.247
981,Keary,Kleinplac,kkleinplacr8@a8.net,Non-binary,170.53.83.73
982,Ardisj,Baildon,abaildonr9@blogs.com,Bigender,13.8.182.234
983,Dolly,Itskovitz,ditskovitzra@yelp.com,Agender,91.62.121.249
984,Tamra,Rapa,traparb@cam.ac.uk,Agender,64.213.126.99
985,Cullan,Bricksey,cbrickseyrc@purevolume.com,Polygender,247.143.102.9
986,Shayne,Morrilly,smorrillyrd@vinaora.com,Polygender,14.129.40.116
987,Devan,Gillhespy,dgillhespyre@webnode.com,Bigender,112.9.47.124
988,Aila,Albury,aalburyrf@diigo.com,Polygender,35.54.198.201
989,Garrot,Banisch,gbanischrg@smh.com.au,Genderqueer,242.66.16.127
990,Jemima,Patton,jpattonrh@virginia.edu,Agender,41.236.242.99
991,Kylen,Tomblett,ktomblettri@twitter.com,Non-binary,177.210.242.4
992,Della,Prene,dprenerj@symantec.com,Bigender,218.120.228.121
993,Aggi,Stener,astenerrk@yahoo.co.jp,Agender,170.231.165.135
994,Clark,M'Barron,cmbarronrl@dyndns.org,Non-binary,128.39.200.137
995,Priscilla,Blackledge,pblackledgerm@buzzfeed.com,Polygender,10.191.113.251
996,Terence,Bartunek,tbartunekrn@businessinsider.com,Male,213.176.10.212
997,Hedwiga,McMylor,hmcmylorro@discuz.net,Genderfluid,177.74.231.252
998,Rubin,Burnall,rburnallrp@mediafire.com,Genderfluid,18.196.210.47
999,Ollie,Pray,oprayrq@imdb.com,Non-binary,132.153.167.70
1000,Heath,Jeune,hjeunerr@elegantthemes.com,Female,191.121.31.56
