id,first_name,last_name,email,gender,ip_address
1,Jacquelyn,Bazire,jbazire0@time.com,Male,221.146.111.220
2,Letta,Ketchell,lketchell1@japanpost.jp,Female,75.43.128.156
3,Flem,Byfield,fbyfield2@last.fm,Genderqueer,223.83.207.218
4,Dione,Byas,dbyas3@biblegateway.com,Genderfluid,215.70.192.250
5,Sharia,Blankett,sblankett4@adobe.com,Non-binary,146.237.36.115
6,Ladonna,Struss,lstruss5@google.co.uk,Genderqueer,63.106.55.24
7,Erinn,Extal,eextal6@dropbox.com,Female,5.219.38.150
8,Nerissa,Slipper,nslipper7@omniture.com,Non-binary,26.31.0.139
9,Saloma,Velez,svelez8@statcounter.com,Female,232.201.29.129
10,Tallie,Dispencer,tdispencer9@wiley.com,Genderqueer,222.19.22.38
11,Melinde,Essex,messexa@senate.gov,Genderqueer,228.221.251.182
12,Kennedy,Normansell,knormansellb@rambler.ru,Male,192.52.111.56
13,Xylia,Pickburn,xpickburnc@storify.com,Polygender,116.4.62.48
14,Binni,Killick,bkillickd@geocities.jp,Agender,139.236.183.86
15,Garey,Varsey,gvarseye@jimdo.com,Agender,254.33.199.158
16,Suki,Targett,stargettf@auda.org.au,Genderfluid,138.65.47.20
17,Josi,Henke,jhenkeg@pagesperso-orange.fr,Non-binary,92.3.20.203
18,Dwight,Fullom,dfullomh@nsw.gov.au,Agender,99.79.98.90
19,Joline,Rzehorz,jrzehorzi@tinyurl.com,Polygender,50.221.149.26
20,Marquita,Wilderspoon,mwilderspoonj@sun.com,Male,172.137.184.217
21,Norean,Verlinden,nverlindenk@php.net,Agender,146.48.35.192
22,Mavra,Gercken,mgerckenl@shareasale.com,Non-binary,121.19.40.137
23,Dacie,Izzard,dizzardm@51.la,Genderqueer,125.215.54.47
24,Geordie,Kellert,gkellertn@census.gov,Genderfluid,151.146.163.248
25,Verla,Rickis,vrickiso@about.com,Non-binary,93.217.126.127
26,Vilhelmina,Butter,vbutterp@wikipedia.org,Non-binary,14.5.188.148
27,Dane,Ingliss,dinglissq@xing.com,Non-binary,26.181.228.93
28,Drucy,Tessier,dtessierr@vimeo.com,Genderqueer,51.79.118.247
29,Cristina,Warrier,cwarriers@nature.com,Genderqueer,194.106.102.61
30,Tad,Salzen,tsalzent@diigo.com,Non-binary,254.103.187.218
31,Madelina,Pentland,mpentlandu@devhub.com,Agender,188.76.163.242
32,Misty,Plail,mplailv@weather.com,Genderfluid,25.213.141.92
33,Noella,Oxbie,noxbiew@facebook.com,Non-binary,53.131.59.148
34,Harlie,Mavin,hmavinx@disqus.com,Agender,162.27.13.180
35,Karna,Mingay,kmingayy@phoca.cz,Male,221.144.53.240
36,Helene,Clemence,hclemencez@e-recht24.de,Genderfluid,41.12.2.198
37,Nate,Mollen,nmollen10@wired.com,Genderfluid,31.76.192.185
38,Tabby,Dickens,tdickens11@pagesperso-orange.fr,Bigender,193.45.33.216
39,Sondra,Yardley,syardley12@auda.org.au,Bigender,8.86.92.104
40,Susy,Klimpke,sklimpke13@cnn.com,Genderqueer,57.201.153.37
41,Camila,Botterill,cbotterill14@washingtonpost.com,Polygender,133.182.135.157
42,Delphine,Duley,dduley15@hubpages.com,Polygender,89.125.228.110
43,Nert,Bartolini,nbartolini16@wiley.com,Agender,214.192.75.39
44,Corey,Billyeald,cbillyeald17@youku.com,Male,219.80.23.225
45,Linea,Tooth,ltooth18@cafepress.com,Genderfluid,72.104.150.210
46,Fleming,Halegarth,fhalegarth19@webs.com,Non-binary,198.11.144.100
47,Athene,Ackeroyd,aackeroyd1a@shop-pro.jp,Non-binary,118.140.12.128
48,Kimberley,Milliken,kmilliken1b@over-blog.com,Female,145.244.74.250
49,Yank,McDill,ymcdill1c@seattletimes.com,Female,120.68.170.204
50,Rasla,Kalderon,rkalderon1d@theglobeandmail.com,Agender,101.75.118.83
51,Leola,Thaw,lthaw1e@gmpg.org,Polygender,56.165.111.173
52,Joe,Solland,jsolland1f@youtu.be,Polygender,247.111.99.136
53,Tyson,Sanderson,tsanderson1g@reference.com,Genderqueer,122.27.155.225
54,Lissa,Ewebank,lewebank1h@fastcompany.com,Agender,115.248.223.25
55,Juliette,Koba,jkoba1i@dmoz.org,Genderfluid,69.173.16.74
56,Care,Pechacek,cpechacek1j@sourceforge.net,Female,12.59.78.199
57,Mirelle,Batty,mbatty1k@taobao.com,Agender,182.177.31.184
58,Bertine,Crichley,bcrichley1l@wix.com,Agender,77.222.82.39
59,Melody,Lowseley,mlowseley1m@com.com,Polygender,53.40.25.20
60,Nikos,De Cristoforo,ndecristoforo1n@mit.edu,Polygender,212.37.82.187
61,Amandy,Tomalin,atomalin1o@etsy.com,Male,227.148.230.146
62,Peterus,McClaurie,pmcclaurie1p@bing.com,Male,159.101.209.71
63,Wainwright,St Angel,wstangel1q@slate.com,Bigender,108.69.7.133
64,Aimee,Piggin,apiggin1r@wisc.edu,Agender,159.169.38.55
65,Nerissa,Venneur,nvenneur1s@state.tx.us,Agender,72.114.253.134
66,Isabelle,Perkinson,iperkinson1t@phpbb.com,Polygender,20.59.44.42
67,Hamlen,Lavies,hlavies1u@canalblog.com,Genderqueer,120.3.237.112
68,Holden,Bordiss,hbordiss1v@ehow.com,Genderqueer,34.40.247.3
69,Mariele,Juorio,mjuorio1w@fastcompany.com,Genderfluid,230.52.139.33
70,Aldin,Davidofski,adavidofski1x@tinypic.com,Female,244.233.220.47
71,Brady,Colbert,bcolbert1y@narod.ru,Genderfluid,243.166.88.223
72,Brook,Haldane,bhaldane1z@reddit.com,Genderqueer,81.163.190.133
73,Callida,Camp,ccamp20@earthlink.net,Genderfluid,110.164.108.205
74,Stafford,Paddell,spaddell21@vkontakte.ru,Bigender,136.152.254.27
75,Abby,Iorns,aiorns22@eventbrite.com,Bigender,73.208.36.143
76,Ian,MacFarlane,imacfarlane23@hhs.gov,Non-binary,191.144.98.37
77,Bondy,Zellick,bzellick24@loc.gov,Polygender,75.178.161.5
78,Bank,Gellibrand,bgellibrand25@tripadvisor.com,Female,3.107.165.254
79,Julie,Blannin,jblannin26@sohu.com,Genderfluid,160.51.9.179
80,Karola,Fritschel,kfritschel27@bigcartel.com,Agender,161.40.123.209
81,Heriberto,Leifer,hleifer28@tuttocitta.it,Agender,252.93.99.173
82,Genevra,Tease,gtease29@tamu.edu,Agender,69.188.51.158
83,Dino,Duckitt,dduckitt2a@symantec.com,Female,216.105.61.230
84,Daryl,Ros,dros2b@desdev.cn,Female,252.216.39.109
85,Roderick,McFarlan,rmcfarlan2c@wikia.com,Female,126.86.174.241
86,Rachelle,Helix,rhelix2d@home.pl,Female,50.67.1.95
87,Amber,Libermore,alibermore2e@ycombinator.com,Polygender,196.135.106.23
88,Cosetta,Dysart,cdysart2f@wix.com,Non-binary,119.16.82.89
89,Roxanne,Collinette,rcollinette2g@dropbox.com,Genderfluid,50.156.17.82
90,Lucky,Grolmann,lgrolmann2h@google.nl,Bigender,64.44.185.197
91,Hadlee,Coonihan,hcoonihan2i@blog.com,Male,38.236.155.108
92,Bonnibelle,Jacks,bjacks2j@yandex.ru,Polygender,229.117.158.218
93,Jackie,Cobelli,jcobelli2k@globo.com,Female,92.165.137.90
94,Gualterio,Atkyns,gatkyns2l@joomla.org,Female,69.162.237.199
95,Daloris,Huikerby,dhuikerby2m@blogspot.com,Genderqueer,242.134.228.196
96,Geno,Pessold,gpessold2n@wikispaces.com,Male,114.214.113.182
97,Mavis,Errey,merrey2o@cocolog-nifty.com,Genderqueer,147.165.87.184
98,Durant,Warner,dwarner2p@wufoo.com,Polygender,10.73.52.241
99,Mathilda,Killby,mkillby2q@adobe.com,Non-binary,199.21.66.247
100,Rosaleen,Kock,rkock2r@vkontakte.ru,Agender,213.246.112.66
101,Sheffie,Cordsen,scordsen2s@reddit.com,Bigender,164.42.171.142
102,Henriette,Wozencroft,hwozencroft2t@indiegogo.com,Genderqueer,239.238.142.41
103,Roman,Roderick,rroderick2u@nih.gov,Genderfluid,80.204.166.3
104,Vinnie,Ambler,vambler2v@dot.gov,Agender,127.84.20.54
105,Michelle,Rusk,mrusk2w@arizona.edu,Polygender,33.127.168.166
106,Gamaliel,Goodrich,ggoodrich2x@delicious.com,Genderfluid,249.121.211.91
107,Lyda,Bernardi,lbernardi2y@slate.com,Genderqueer,166.45.108.60
108,Klarika,Truwert,ktruwert2z@merriam-webster.com,Male,194.121.214.33
109,Carmel,Hallen,challen30@accuweather.com,Agender,135.41.180.126
110,Darya,Kovalski,dkovalski31@vinaora.com,Male,207.252.239.200
111,Danna,Baack,dbaack32@desdev.cn,Agender,122.237.195.181
112,Giuseppe,Padmore,gpadmore33@cloudflare.com,Genderfluid,231.15.207.221
113,Chic,Winterton,cwinterton34@webnode.com,Genderfluid,95.139.127.154
114,Antonie,Palatini,apalatini35@yelp.com,Male,102.218.66.75
115,Constanta,Scarborough,cscarborough36@eepurl.com,Female,120.84.17.80
116,Haydon,Lefridge,hlefridge37@google.pl,Non-binary,251.43.132.251
117,Alika,Streeter,astreeter38@apple.com,Genderfluid,80.66.101.140
118,Pietra,Le Maitre,plemaitre39@cisco.com,Female,39.231.93.166
119,Barnie,Hazelton,bhazelton3a@seesaa.net,Non-binary,67.142.177.45
120,Stephannie,Winterbotham,swinterbotham3b@wufoo.com,Genderqueer,91.2.116.123
121,Bary,Tyrwhitt,btyrwhitt3c@hugedomains.com,Genderfluid,204.76.194.229
122,Annis,Bonnette,abonnette3d@live.com,Female,160.50.145.29
123,Mariann,Pettit,mpettit3e@eepurl.com,Bigender,110.61.24.246
124,Valentijn,O' Donohue,vodonohue3f@ebay.com,Polygender,224.16.116.142
125,Marlow,Krauze,mkrauze3g@cnn.com,Polygender,102.71.253.145
126,Gunilla,Arnoult,garnoult3h@over-blog.com,Female,99.107.69.198
127,Lenore,Hurcombe,lhurcombe3i@bbb.org,Male,136.152.8.109
128,Stafani,Clarridge,sclarridge3j@kickstarter.com,Genderqueer,16.45.142.237
129,Debra,Spini,dspini3k@wunderground.com,Polygender,164.34.203.206
130,Ab,Redsell,aredsell3l@un.org,Male,2.82.147.141
131,Elmer,Gryglewski,egryglewski3m@booking.com,Genderqueer,244.216.81.169
132,Esta,Creech,ecreech3n@miitbeian.gov.cn,Male,100.93.182.218
133,Wait,Millichap,wmillichap3o@google.ru,Female,192.201.161.79
134,Livvie,Gass,lgass3p@theguardian.com,Agender,239.194.110.46
135,Aloise,Roth,aroth3q@webeden.co.uk,Non-binary,87.112.103.38
136,Scotty,Cridlin,scridlin3r@prweb.com,Genderfluid,201.103.98.56
137,Stanislaus,Darko,sdarko3s@craigslist.org,Bigender,79.198.219.109
138,Burtie,Moyer,bmoyer3t@unblog.fr,Male,126.212.95.39
139,Klement,Dracksford,kdracksford3u@youtube.com,Polygender,189.26.229.5
140,Arlyn,Switzer,aswitzer3v@wikipedia.org,Male,216.99.180.163
141,Vevay,Carsey,vcarsey3w@slideshare.net,Genderfluid,193.134.226.219
142,Fanya,Tampion,ftampion3x@php.net,Genderqueer,3.168.204.107
143,Nikolaus,Cardozo,ncardozo3y@theglobeandmail.com,Male,13.231.3.50
144,Ellie,Heffer,eheffer3z@amazonaws.com,Female,161.40.53.109
145,Rosaleen,Sibley,rsibley40@woothemes.com,Genderfluid,94.24.161.212
146,Kenn,St Angel,kstangel41@shareasale.com,Genderqueer,196.212.105.5
147,Berkley,Hawthorne,bhawthorne42@blogs.com,Genderqueer,20.198.66.67
148,Sig,Andrichak,sandrichak43@live.com,Agender,68.147.233.23
149,Carmel,Buxey,cbuxey44@cargocollective.com,Agender,13.172.99.252
150,Christabel,Rubenov,crubenov45@yahoo.com,Male,125.30.118.207
151,Simonne,Gettins,sgettins46@dailymotion.com,Female,149.226.246.34
152,Daisey,Grossman,dgrossman47@cargocollective.com,Bigender,215.238.162.251
153,Saleem,Leipelt,sleipelt48@businessweek.com,Male,217.237.58.166
154,Janenna,Whylie,jwhylie49@free.fr,Polygender,69.144.160.202
155,Ara,Hefferan,ahefferan4a@topsy.com,Female,57.160.252.110
156,Madelaine,Gulliman,mgulliman4b@so-net.ne.jp,Non-binary,204.62.3.245
157,Wake,Gogan,wgogan4c@hatena.ne.jp,Female,227.122.188.57
158,Hunfredo,Guerry,hguerry4d@trellian.com,Female,121.90.113.113
159,Herbie,Soot,hsoot4e@sbwire.com,Agender,225.2.139.220
160,Dasi,Fallon,dfallon4f@google.com,Non-binary,95.45.67.228
161,Sibel,Scurrah,sscurrah4g@addthis.com,Polygender,142.30.128.2
162,Selestina,Siebart,ssiebart4h@state.tx.us,Polygender,170.35.2.125
163,Francyne,Bolstridge,fbolstridge4i@mapy.cz,Male,75.23.231.203
164,Gianni,Cranstoun,gcranstoun4j@census.gov,Female,161.67.89.86
165,Rosco,Cottage,rcottage4k@patch.com,Genderfluid,207.145.172.4
166,Viole,McQuaide,vmcquaide4l@youku.com,Agender,151.31.136.70
167,Horace,Kristoffersson,hkristoffersson4m@marriott.com,Female,208.56.110.147
168,Courtnay,Barens,cbarens4n@hexun.com,Agender,29.162.12.73
169,Karine,Huburn,khuburn4o@php.net,Polygender,81.53.67.114
170,Godfree,Dodwell,gdodwell4p@mtv.com,Bigender,153.55.153.207
171,Wilmar,Cottel,wcottel4q@arizona.edu,Bigender,81.93.32.53
172,Leland,Kirkwood,lkirkwood4r@e-recht24.de,Bigender,40.132.150.220
173,Dario,Wheeler,dwheeler4s@hatena.ne.jp,Female,92.110.114.37
174,Kendrick,Rennebeck,krennebeck4t@naver.com,Genderqueer,133.237.108.224
175,Mildred,Emmanuel,memmanuel4u@sbwire.com,Female,253.82.43.244
176,Ashely,Giacomini,agiacomini4v@gizmodo.com,Male,5.162.131.220
177,Jeannette,Franklyn,jfranklyn4w@i2i.jp,Non-binary,181.31.234.138
178,Aldridge,Corss,acorss4x@cnbc.com,Polygender,79.187.177.179
179,Kellie,Martello,kmartello4y@archive.org,Non-binary,224.159.161.249
180,Oran,Selburn,oselburn4z@wp.com,Agender,146.70.230.106
181,Sauncho,Shear,sshear50@soup.io,Bigender,215.42.44.37
182,Dona,Blunsom,dblunsom51@istockphoto.com,Agender,69.8.19.221
183,Jamie,Fawley,jfawley52@about.com,Bigender,46.206.202.127
184,Graeme,Freathy,gfreathy53@ihg.com,Polygender,65.197.57.217
185,Berne,Lidstone,blidstone54@yelp.com,Non-binary,44.104.96.120
186,Melba,Greatrex,mgreatrex55@tiny.cc,Female,95.64.71.54
187,Maxie,Chantrell,mchantrell56@nasa.gov,Genderfluid,143.48.95.34
188,Adams,Wickenden,awickenden57@dot.gov,Bigender,146.94.15.29
189,Darcee,Wallett,dwallett58@columbia.edu,Agender,1.203.176.226
190,Zarla,Tremethack,ztremethack59@globo.com,Male,166.27.107.48
191,Tome,Wanley,twanley5a@google.com.au,Non-binary,165.231.200.147
192,Lorenzo,Grouvel,lgrouvel5b@alibaba.com,Non-binary,64.130.76.167
193,Thoma,Paradine,tparadine5c@dagondesign.com,Non-binary,10.165.187.102
194,Raymund,Stealy,rstealy5d@dailymotion.com,Male,125.3.29.212
195,Bradley,Birkmyr,bbirkmyr5e@sbwire.com,Genderqueer,203.26.97.60
196,Gery,MacAulay,gmacaulay5f@hatena.ne.jp,Male,123.115.49.104
197,Pauly,Knudsen,pknudsen5g@last.fm,Polygender,187.101.254.135
198,Delbert,Blewett,dblewett5h@e-recht24.de,Agender,41.248.237.40
199,Cameron,Klaassens,cklaassens5i@cafepress.com,Non-binary,140.118.0.48
200,Farand,Grassick,fgrassick5j@jalbum.net,Male,123.3.134.188
201,Lucie,Haggett,lhaggett5k@timesonline.co.uk,Male,160.171.84.74
202,Nerta,Stair,nstair5l@admin.ch,Genderfluid,168.131.100.172
203,Noami,Hallybone,nhallybone5m@google.com.au,Genderqueer,177.225.115.242
204,Bambie,Hincham,bhincham5n@spotify.com,Genderfluid,50.140.20.10
205,Annabel,Schott,aschott5o@cisco.com,Male,127.126.179.164
206,Gaby,Commusso,gcommusso5p@reference.com,Genderfluid,141.129.6.40
207,Sallie,Stook,sstook5q@mapquest.com,Agender,18.3.141.249
208,Almeria,Benadette,abenadette5r@163.com,Genderqueer,41.171.244.221
209,Megen,Goodlake,mgoodlake5s@csmonitor.com,Polygender,125.241.50.107
210,Jerrine,Coneybeare,jconeybeare5t@nba.com,Bigender,82.242.87.168
211,Cesya,Plampin,cplampin5u@sitemeter.com,Bigender,101.92.226.91
212,Valry,Malzard,vmalzard5v@discovery.com,Genderfluid,165.28.96.73
213,Joanie,Crinidge,jcrinidge5w@nifty.com,Non-binary,159.87.138.214
214,Sid,Kenworth,skenworth5x@youtu.be,Genderqueer,125.216.134.214
215,Margarethe,Crosdill,mcrosdill5y@house.gov,Polygender,49.84.143.132
216,Angus,Werlock,awerlock5z@dailymail.co.uk,Agender,162.135.0.126
217,Carmelita,Adamski,cadamski60@examiner.com,Non-binary,189.197.101.94
218,Levon,Caris,lcaris61@google.com.br,Bigender,31.79.9.84
219,Minor,Bru,mbru62@uiuc.edu,Female,225.62.124.225
220,Floria,Diego,fdiego63@hexun.com,Agender,151.226.10.91
221,Eduino,Abbyss,eabbyss64@boston.com,Male,150.176.170.5
222,Thebault,Peaden,tpeaden65@marketwatch.com,Female,243.39.242.116
223,Bab,Randle,brandle66@hhs.gov,Agender,103.188.70.44
224,Jeramie,Scargle,jscargle67@thetimes.co.uk,Male,77.158.102.50
225,Cindelyn,Pentony,cpentony68@moonfruit.com,Female,1.233.42.187
226,Ryun,Yggo,ryggo69@nydailynews.com,Non-binary,2.171.89.220
227,Viki,Stutt,vstutt6a@mozilla.com,Genderqueer,76.100.147.253
228,Sibley,Saltman,ssaltman6b@archive.org,Genderqueer,254.87.178.254
229,Rosana,Newcombe,rnewcombe6c@vinaora.com,Non-binary,88.245.103.145
230,Cherish,Pattenden,cpattenden6d@indiatimes.com,Female,217.150.17.204
231,Basilius,Townes,btownes6e@newsvine.com,Genderfluid,83.103.91.147
232,Constanta,Mitchall,cmitchall6f@parallels.com,Genderfluid,249.89.12.110
233,Mariejeanne,Hawksley,mhawksley6g@geocities.jp,Genderfluid,182.233.177.6
234,Conni,O'Deegan,codeegan6h@narod.ru,Female,133.171.231.194
235,Lorette,Rand,lrand6i@ft.com,Polygender,155.7.196.187
236,Mimi,Bownd,mbownd6j@vinaora.com,Bigender,193.224.89.202
237,Asa,O'Hern,aohern6k@mayoclinic.com,Genderqueer,11.159.201.204
238,Moira,Verney,mverney6l@yahoo.com,Agender,23.116.28.117
239,Lorne,Suermeier,lsuermeier6m@apple.com,Non-binary,117.130.194.246
240,Violette,Webb,vwebb6n@ted.com,Female,106.87.33.142
241,Merrili,Durran,mdurran6o@alexa.com,Genderqueer,219.203.138.8
242,Aridatha,Champniss,achampniss6p@arstechnica.com,Male,255.87.129.27
243,Jeramie,d'Arcy,jdarcy6q@businessweek.com,Female,143.238.108.6
244,Cross,Briant,cbriant6r@jimdo.com,Genderqueer,235.220.222.103
245,Goddart,Havock,ghavock6s@skype.com,Male,88.9.239.215
246,Jennine,Croneen,jcroneen6t@go.com,Bigender,203.217.63.237
247,Flory,Thurby,fthurby6u@economist.com,Non-binary,73.121.90.75
248,Ardisj,Crossingham,acrossingham6v@squidoo.com,Agender,32.136.140.114
249,Parsifal,Zecchinii,pzecchinii6w@omniture.com,Male,21.18.49.205
250,Mona,McCreath,mmccreath6x@fc2.com,Non-binary,126.70.103.124
251,Robena,Klulik,rklulik6y@tumblr.com,Male,249.208.242.24
252,Pierrette,McPeeters,pmcpeeters6z@slate.com,Male,49.125.124.74
253,Fredericka,Rides,frides70@dion.ne.jp,Male,37.76.252.56
254,Ricard,Swatheridge,rswatheridge71@archive.org,Non-binary,6.187.40.224
255,Duky,Wastie,dwastie72@mapquest.com,Bigender,85.146.108.35
256,Astra,Styan,astyan73@topsy.com,Genderqueer,23.81.224.9
257,Lanae,Curson,lcurson74@whitehouse.gov,Polygender,94.90.34.106
258,Ogden,Abade,oabade75@about.me,Non-binary,210.97.20.191
259,Lanie,Pearmine,lpearmine76@about.com,Agender,244.202.133.97
260,Zita,Tunuy,ztunuy77@topsy.com,Genderfluid,248.244.88.230
261,Tabb,Blackwell,tblackwell78@ucoz.ru,Male,223.198.56.154
262,Katalin,Fitzsymon,kfitzsymon79@weather.com,Genderqueer,102.181.5.153
263,Ronalda,Widdup,rwiddup7a@nih.gov,Polygender,1.117.56.229
264,Yardley,Denniston,ydenniston7b@cornell.edu,Male,239.252.222.158
265,Paul,Eymor,peymor7c@biglobe.ne.jp,Male,102.128.4.245
266,Annette,McDonogh,amcdonogh7d@bloglovin.com,Genderfluid,221.156.110.94
267,Normand,Risely,nrisely7e@google.ca,Non-binary,203.153.165.145
268,Sibel,Arsnell,sarsnell7f@dedecms.com,Male,248.238.210.251
269,Harrie,Jennrich,hjennrich7g@yellowbook.com,Bigender,159.80.239.230
270,Benoite,Game,bgame7h@nymag.com,Polygender,171.18.48.14
271,Mauricio,Wealleans,mwealleans7i@prlog.org,Non-binary,231.35.67.178
272,Jordan,Colley,jcolley7j@businesswire.com,Genderqueer,248.2.117.226
273,Briano,Fearnill,bfearnill7k@sina.com.cn,Polygender,251.50.137.146
274,Gregoire,Parrott,gparrott7l@shutterfly.com,Agender,201.97.64.13
275,Roderigo,Efford,refford7m@sakura.ne.jp,Agender,175.227.171.88
276,Hurlee,Lamblin,hlamblin7n@infoseek.co.jp,Genderqueer,51.137.178.142
277,Robinett,Dilon,rdilon7o@epa.gov,Genderfluid,18.56.2.137
278,Gina,Havill,ghavill7p@e-recht24.de,Polygender,216.10.110.178
279,Hussein,Casterton,hcasterton7q@dagondesign.com,Polygender,41.215.137.225
280,Edlin,Powles,epowles7r@jimdo.com,Female,68.241.7.169
281,Natala,Kilfether,nkilfether7s@statcounter.com,Bigender,114.181.134.220
282,Bobbee,Staton,bstaton7t@scribd.com,Polygender,64.80.109.83
283,Piper,Ellcock,pellcock7u@chicagotribune.com,Female,32.57.240.200
284,Way,Griston,wgriston7v@unc.edu,Genderfluid,49.226.81.180
285,Joelly,Kuban,jkuban7w@jiathis.com,Male,86.99.246.164
286,Christal,Heffron,cheffron7x@businessinsider.com,Agender,154.215.50.230
287,Ilsa,Bolsover,ibolsover7y@arstechnica.com,Female,194.76.171.97
288,Freedman,Vickers,fvickers7z@cisco.com,Polygender,141.141.56.30
289,Minor,Lamcken,mlamcken80@army.mil,Non-binary,163.167.53.16
290,Donnamarie,Sneesby,dsneesby81@cargocollective.com,Genderfluid,91.224.66.4
291,Caitlin,Keirl,ckeirl82@wix.com,Male,202.40.234.67
292,Bailie,Dodd,bdodd83@loc.gov,Non-binary,78.83.243.29
293,Giacinta,Rhucroft,grhucroft84@economist.com,Bigender,193.130.63.1
294,Eyde,Shreeve,eshreeve85@hugedomains.com,Bigender,215.206.226.37
295,Melisse,Dehmel,mdehmel86@answers.com,Genderfluid,233.59.219.98
296,Jud,Jansema,jjansema87@pagesperso-orange.fr,Agender,177.43.57.102
297,Nert,Kopp,nkopp88@hud.gov,Genderqueer,48.113.164.26
298,Ara,Petrello,apetrello89@goodreads.com,Male,159.237.72.182
299,Phebe,Shawcroft,pshawcroft8a@alibaba.com,Female,137.126.249.213
300,Arthur,Abelwhite,aabelwhite8b@constantcontact.com,Bigender,251.249.193.147
301,Lura,Crielly,lcrielly8c@digg.com,Non-binary,196.78.10.65
302,Rodd,Houchin,rhouchin8d@nbcnews.com,Bigender,202.55.71.128
303,Freddie,Capini,fcapini8e@rambler.ru,Non-binary,56.240.253.64
304,Robinet,Avery,ravery8f@irs.gov,Male,159.4.29.64
305,Astrix,Capell,acapell8g@stumbleupon.com,Female,242.251.148.102
306,Tyler,Bonnor,tbonnor8h@rakuten.co.jp,Genderfluid,231.232.119.168
307,Elyssa,Bilton,ebilton8i@jigsy.com,Genderfluid,88.27.74.126
308,Cecilia,Athowe,cathowe8j@taobao.com,Female,220.66.114.91
309,Bea,Records,brecords8k@shutterfly.com,Genderqueer,51.52.197.8
310,Suzi,Heaps,sheaps8l@google.de,Non-binary,33.195.105.47
311,Jenda,Gorry,jgorry8m@bbc.co.uk,Female,184.76.53.22
312,Jonie,Cooley,jcooley8n@mysql.com,Agender,205.50.158.179
313,Laurie,Father,lfather8o@phpbb.com,Bigender,161.245.84.213
314,Koralle,Dunridge,kdunridge8p@google.co.uk,Genderqueer,21.203.112.254
315,Jerry,Gainfort,jgainfort8q@msn.com,Genderfluid,48.141.230.21
316,Kiel,Shann,kshann8r@businessweek.com,Female,131.30.245.207
317,Wendall,Kirsche,wkirsche8s@vinaora.com,Agender,164.50.118.34
318,Hasheem,Ick,hick8t@shutterfly.com,Male,2.220.151.50
319,Zak,Ivanchin,zivanchin8u@umn.edu,Genderqueer,138.147.116.70
320,Magdaia,Escudier,mescudier8v@omniture.com,Female,37.163.105.251
321,Morten,Fuster,mfuster8w@twitpic.com,Non-binary,109.25.46.202
322,Esta,Frane,efrane8x@cargocollective.com,Agender,57.7.176.125
323,Brockie,Sicily,bsicily8y@plala.or.jp,Non-binary,178.48.232.220
324,Rubia,Roark,rroark8z@msn.com,Agender,227.29.95.97
325,Mella,Muscroft,mmuscroft90@dailymail.co.uk,Bigender,187.48.0.198
326,Jaimie,Marishenko,jmarishenko91@aboutads.info,Female,138.81.153.33
327,Stacey,Ellacombe,sellacombe92@rambler.ru,Polygender,155.150.30.200
328,Edeline,Bille,ebille93@nih.gov,Genderfluid,1.7.36.233
329,Clyde,Rein,crein94@pen.io,Male,19.134.110.207
330,Shanie,Craske,scraske95@earthlink.net,Female,73.35.124.193
331,Pennie,McCallion,pmccallion96@census.gov,Genderqueer,98.114.251.40
332,Christyna,Francesch,cfrancesch97@ca.gov,Genderfluid,163.85.89.212
333,Frederica,Carnihan,fcarnihan98@linkedin.com,Male,16.61.15.1
334,Itch,Esmond,iesmond99@g.co,Genderqueer,193.77.219.202
335,Carlotta,Vlasin,cvlasin9a@google.de,Genderfluid,155.141.232.13
336,Loy,Goburn,lgoburn9b@bizjournals.com,Agender,126.140.232.203
337,Shellie,Cotillard,scotillard9c@omniture.com,Non-binary,9.104.106.8
338,Greta,Winthrop,gwinthrop9d@wikimedia.org,Polygender,134.74.161.90
339,Nial,Gerriessen,ngerriessen9e@berkeley.edu,Genderqueer,220.122.177.120
340,Lyon,Seebright,lseebright9f@vistaprint.com,Bigender,81.157.9.244
341,Karoly,Padkin,kpadkin9g@businessweek.com,Male,249.150.78.84
342,Joela,Coils,jcoils9h@baidu.com,Bigender,45.229.183.101
343,Janka,Conyard,jconyard9i@imgur.com,Genderfluid,25.117.151.155
344,Marlene,O'Cahill,mocahill9j@aboutads.info,Genderfluid,140.163.123.100
345,Tammy,Gladdin,tgladdin9k@etsy.com,Female,123.176.198.38
346,Gayel,Oats,goats9l@t-online.de,Agender,68.223.58.28
347,Darbee,Oldale,doldale9m@ihg.com,Genderqueer,118.119.64.144
348,Ilise,Gomer,igomer9n@cam.ac.uk,Genderfluid,168.211.64.71
349,Siffre,Messer,smesser9o@geocities.com,Polygender,64.154.85.225
350,Sterling,Danielovitch,sdanielovitch9p@geocities.com,Agender,142.224.53.254
351,Leslie,Maylor,lmaylor9q@yale.edu,Male,27.215.161.56
352,Garv,Outerbridge,gouterbridge9r@feedburner.com,Agender,90.239.96.231
353,Amandi,Claxson,aclaxson9s@twitter.com,Female,82.80.235.26
354,Devonna,Cushion,dcushion9t@livejournal.com,Genderfluid,104.218.38.43
355,Richart,Sandall,rsandall9u@chron.com,Female,213.131.31.174
356,Hurley,Lethley,hlethley9v@reverbnation.com,Genderfluid,192.111.131.176
357,Hill,Toohey,htoohey9w@smh.com.au,Non-binary,89.38.178.67
358,Debbie,Thatcham,dthatcham9x@kickstarter.com,Bigender,24.200.18.196
359,Ali,Martill,amartill9y@imgur.com,Polygender,221.62.158.91
360,Isaiah,Broadey,ibroadey9z@booking.com,Female,3.218.62.108
361,Elsy,Corradini,ecorradinia0@ycombinator.com,Agender,125.93.108.41
362,Pammy,Wooler,pwoolera1@cocolog-nifty.com,Non-binary,17.64.88.219
363,Brook,Toxell,btoxella2@arizona.edu,Male,226.5.180.53
364,Tiebout,McCrachen,tmccrachena3@opera.com,Non-binary,219.80.105.150
365,Tanner,Ainsby,tainsbya4@1688.com,Genderfluid,8.78.40.225
366,Thomas,Darrigoe,tdarrigoea5@bizjournals.com,Male,218.188.86.254
367,Wesley,Paule,wpaulea6@google.cn,Non-binary,103.55.165.37
368,Roi,Twiname,rtwinamea7@narod.ru,Genderqueer,112.212.103.139
369,Archambault,Najara,anajaraa8@360.cn,Female,113.40.40.176
370,Jasmin,Gierardi,jgierardia9@twitter.com,Genderfluid,166.215.159.23
371,Alexandrina,Purslow,apurslowaa@nih.gov,Bigender,63.91.136.222
372,Tessi,Rowlands,trowlandsab@slate.com,Male,162.222.150.49
373,Marris,Dytham,mdythamac@youtu.be,Non-binary,69.0.172.230
374,Aurelie,Hallut,ahallutad@senate.gov,Bigender,23.141.183.182
375,Corrie,Teodoro,cteodoroae@psu.edu,Agender,34.138.84.55
376,Ambrosio,Preuvost,apreuvostaf@networkadvertising.org,Male,28.219.133.34
377,Benoite,Flahive,bflahiveag@si.edu,Female,181.39.202.22
378,Cole,Dowsett,cdowsettah@unc.edu,Non-binary,44.190.51.44
379,Roseann,Rhydderch,rrhydderchai@redcross.org,Bigender,151.253.57.244
380,Christabel,Oseman,cosemanaj@abc.net.au,Female,114.134.205.86
381,Hodge,Bellard,hbellardak@disqus.com,Genderqueer,110.149.110.240
382,Nicolais,Hatfield,nhatfieldal@engadget.com,Polygender,201.241.127.165
383,Nisse,Calcott,ncalcottam@gravatar.com,Polygender,194.196.44.58
384,Georgeta,Kimmel,gkimmelan@wired.com,Genderqueer,112.24.111.164
385,Derek,Orcas,dorcasao@google.com,Genderfluid,80.44.22.209
386,Blanca,Louw,blouwap@washington.edu,Polygender,85.143.17.113
387,Jacki,Petre,jpetreaq@bloglovin.com,Genderqueer,89.129.61.193
388,Doralyn,Byrom,dbyromar@accuweather.com,Genderfluid,255.84.221.171
389,Daveta,Barnsdale,dbarnsdaleas@time.com,Genderqueer,52.167.83.240
390,Haroun,Emanson,hemansonat@nih.gov,Bigender,144.14.115.163
391,Morrie,Fluger,mflugerau@gov.uk,Bigender,129.13.146.246
392,Joey,Scown,jscownav@posterous.com,Bigender,196.237.175.54
393,Lorelei,Thomel,lthomelaw@sphinn.com,Bigender,34.177.127.111
394,Ertha,Drescher,edrescherax@hud.gov,Agender,17.223.87.248
395,Kacy,Losseljong,klosseljongay@jimdo.com,Female,30.13.91.161
396,Carmita,Kehoe,ckehoeaz@yahoo.com,Genderqueer,228.140.237.134
397,Rey,Fozard,rfozardb0@businessinsider.com,Agender,19.81.127.104
398,Aidan,Rasmus,arasmusb1@umich.edu,Genderqueer,83.168.106.130
399,Rene,Benedicte,rbenedicteb2@wix.com,Bigender,234.39.208.91
400,Peyter,Arsmith,parsmithb3@psu.edu,Agender,92.215.94.49
401,Susannah,Render,srenderb4@telegraph.co.uk,Genderqueer,196.46.2.203
402,Lea,Kleinber,lkleinberb5@pbs.org,Male,76.8.103.163
403,Patsy,Jahnig,pjahnigb6@moonfruit.com,Genderqueer,243.168.114.113
404,Margalit,MacAllen,mmacallenb7@wisc.edu,Genderfluid,162.22.223.252
405,Georges,McConnal,gmcconnalb8@thetimes.co.uk,Genderqueer,117.18.228.152
406,Gael,Sherwen,gsherwenb9@earthlink.net,Genderqueer,69.246.213.230
407,Crystie,Kybird,ckybirdba@wikipedia.org,Non-binary,112.150.134.219
408,Roxie,Grinnikov,rgrinnikovbb@forbes.com,Polygender,249.74.102.78
409,Sammy,Trelease,streleasebc@addthis.com,Bigender,21.64.156.241
410,Ari,Saleway,asalewaybd@kickstarter.com,Polygender,36.161.248.70
411,Ellen,McClancy,emcclancybe@nhs.uk,Agender,55.242.187.27
412,Analise,Yuryatin,ayuryatinbf@wix.com,Genderfluid,6.108.231.146
413,Weider,Vayro,wvayrobg@youtu.be,Non-binary,182.211.23.51
414,Katharyn,Freeman,kfreemanbh@sciencedirect.com,Genderfluid,151.233.133.49
415,Velvet,Surtees,vsurteesbi@bbc.co.uk,Agender,145.255.168.23
416,Ed,Erley,eerleybj@fc2.com,Bigender,225.39.97.251
417,Elliot,Baldwin,ebaldwinbk@bbb.org,Agender,238.25.127.151
418,Cassius,Seeborne,cseebornebl@sourceforge.net,Non-binary,117.176.225.160
419,Reggi,Jelf,rjelfbm@smugmug.com,Non-binary,13.148.43.164
420,Willy,Hanstock,whanstockbn@odnoklassniki.ru,Agender,61.136.240.186
421,Joelie,Albrooke,jalbrookebo@aboutads.info,Genderqueer,138.162.186.87
422,Byrle,Kitchener,bkitchenerbp@telegraph.co.uk,Agender,5.232.39.199
423,Jeanie,Kindleysides,jkindleysidesbq@merriam-webster.com,Male,151.88.16.162
424,Sven,Erratt,serrattbr@ehow.com,Bigender,153.133.107.155
425,Nicol,Romain,nromainbs@artisteer.com,Genderfluid,167.53.29.58
426,Hillyer,Dunkerley,hdunkerleybt@kickstarter.com,Bigender,163.188.198.123
427,Hilda,Kimbrey,hkimbreybu@simplemachines.org,Female,122.96.69.127
428,Des,Pessler,dpesslerbv@examiner.com,Female,138.53.231.231
429,Merlina,Roantree,mroantreebw@mozilla.org,Female,152.211.51.248
430,Hattie,Pymm,hpymmbx@japanpost.jp,Male,159.120.22.89
431,Brittney,Gowar,bgowarby@mysql.com,Female,73.112.210.200
432,Hart,Quennell,hquennellbz@telegraph.co.uk,Bigender,1.110.11.54
433,Brion,Brabbs,bbrabbsc0@redcross.org,Bigender,21.240.33.12
434,Fleur,Horsell,fhorsellc1@mapy.cz,Male,100.111.176.17
435,Norah,Gueste,nguestec2@skype.com,Polygender,112.182.181.224
436,Ethyl,Painter,epainterc3@nifty.com,Agender,71.168.114.218
437,Mel,Ceney,mceneyc4@smh.com.au,Polygender,81.167.64.134
438,Alika,Gergler,agerglerc5@wunderground.com,Male,173.203.7.5
439,Gracia,Tatlow,gtatlowc6@phpbb.com,Male,80.62.22.202
440,Bernadette,Baggett,bbaggettc7@wufoo.com,Agender,131.192.125.122
441,Eartha,Woodings,ewoodingsc8@mapy.cz,Genderqueer,50.191.224.241
442,Ladonna,Ladloe,lladloec9@earthlink.net,Female,11.209.55.203
443,Abner,Humble,ahumbleca@hp.com,Polygender,102.126.170.22
444,Fancie,Habergham,fhaberghamcb@ucla.edu,Agender,158.146.173.171
445,Hayden,Nealey,hnealeycc@ovh.net,Male,114.60.13.137
446,Alfreda,Blennerhassett,ablennerhassettcd@twitpic.com,Polygender,220.119.121.77
447,Kristine,Nichol,knicholce@unicef.org,Polygender,145.63.141.21
448,Karla,McDugal,kmcdugalcf@bigcartel.com,Genderfluid,165.44.196.234
449,Bryn,Godspede,bgodspedecg@sfgate.com,Female,26.239.49.252
450,Lenette,Reder,lrederch@ovh.net,Polygender,124.160.11.93
451,Edwin,Gledhill,egledhillci@google.com.au,Female,90.253.216.102
452,Benedicta,MacCathay,bmaccathaycj@shop-pro.jp,Male,78.103.43.236
453,Gusty,Pescott,gpescottck@mapy.cz,Genderqueer,80.223.38.49
454,Koo,Wabe,kwabecl@purevolume.com,Female,58.209.176.53
455,Rocky,Shanklin,rshanklincm@wix.com,Non-binary,78.132.126.200
456,Annette,Gurry,agurrycn@skype.com,Female,194.75.0.138
457,Clair,Scurry,cscurryco@mtv.com,Bigender,29.202.164.124
458,Sigfrid,Levay,slevaycp@clickbank.net,Female,94.162.32.41
459,Saudra,Hews,shewscq@hhs.gov,Bigender,210.178.182.15
460,Mose,Nockells,mnockellscr@geocities.jp,Male,62.142.98.138
461,Stephen,Massey,smasseycs@yellowbook.com,Agender,165.76.88.203
462,Wandie,Wasson,wwassonct@chronoengine.com,Agender,31.245.45.245
463,Issi,McGown,imcgowncu@acquirethisname.com,Non-binary,25.145.177.183
464,Angele,MacTrusty,amactrustycv@businessinsider.com,Genderfluid,222.18.226.233
465,Haslett,Mallabund,hmallabundcw@walmart.com,Male,79.130.17.186
466,Jerome,MacInnes,jmacinnescx@unesco.org,Polygender,24.193.185.121
467,Jarad,Domange,jdomangecy@wisc.edu,Polygender,207.114.3.52
468,Angeline,Spittles,aspittlescz@who.int,Genderfluid,226.230.236.78
469,Vanny,Elgee,velgeed0@yelp.com,Polygender,64.51.230.79
470,Harwell,Esel,heseld1@goo.gl,Agender,189.70.126.223
471,Kariotta,Fredi,kfredid2@tripadvisor.com,Non-binary,158.224.210.219
472,Cammy,Burdas,cburdasd3@smugmug.com,Genderfluid,147.93.196.90
473,Trenna,Wheildon,twheildond4@livejournal.com,Polygender,51.186.121.218
474,Flossi,Wallach,fwallachd5@wikia.com,Polygender,255.42.64.155
475,Kermie,Fulstow,kfulstowd6@twitter.com,Male,142.187.29.170
476,Adolph,Beirne,abeirned7@constantcontact.com,Agender,103.251.63.248
477,Lezley,Tupp,ltuppd8@yandex.ru,Bigender,122.252.43.179
478,Tomasine,Frackiewicz,tfrackiewiczd9@princeton.edu,Genderqueer,37.98.244.6
479,Mord,Calabry,mcalabryda@google.co.jp,Agender,250.63.186.212
480,Brendan,Steere,bsteeredb@sun.com,Polygender,248.26.130.56
481,Ransell,Surmeyer,rsurmeyerdc@sitemeter.com,Male,159.251.64.174
482,Stepha,Grinnell,sgrinnelldd@fc2.com,Male,105.129.229.212
483,Claudell,Doret,cdoretde@squarespace.com,Genderfluid,119.32.146.214
484,Anna-diana,Pizzie,apizziedf@earthlink.net,Male,83.144.75.35
485,Wally,Farfull,wfarfulldg@mapy.cz,Polygender,14.120.249.223
486,Rudolph,Ormrod,rormroddh@state.gov,Female,207.117.68.78
487,Ogdan,Zeal,ozealdi@cbc.ca,Bigender,43.138.32.124
488,Constanta,Hankard,chankarddj@whitehouse.gov,Genderqueer,75.70.55.84
489,Kalle,Hurworth,khurworthdk@storify.com,Agender,78.90.149.65
490,Elsi,Dennett,edennettdl@domainmarket.com,Genderqueer,45.159.13.186
491,Friedrick,Davidovic,fdavidovicdm@indiegogo.com,Genderqueer,167.171.216.171
492,Baillie,Crevy,bcrevydn@wix.com,Bigender,251.135.244.14
493,Maureen,Spearing,mspearingdo@wisc.edu,Male,157.1.95.182
494,Gwennie,Simmings,gsimmingsdp@blogspot.com,Female,104.215.93.251
495,Genni,Ravenscroftt,gravenscrofttdq@goo.gl,Genderfluid,220.178.186.215
496,Dominga,Eldershaw,deldershawdr@utexas.edu,Female,54.22.85.247
497,Rickert,Wheelwright,rwheelwrightds@census.gov,Female,56.43.248.154
498,Linda,Cabel,lcabeldt@is.gd,Male,113.216.49.28
499,Jsandye,McAnellye,jmcanellyedu@miibeian.gov.cn,Genderfluid,205.86.54.105
500,Julian,Eames,jeamesdv@google.fr,Genderqueer,183.217.7.0
501,Gwenneth,Dillinton,gdillintondw@unblog.fr,Polygender,7.8.183.170
502,Nicolais,Henaughan,nhenaughandx@storify.com,Polygender,93.247.158.22
503,Shaylah,Noyes,snoyesdy@sourceforge.net,Agender,201.173.220.97
504,Grove,Witchard,gwitcharddz@rediff.com,Agender,124.208.239.67
505,Pauletta,McKaile,pmckailee0@jigsy.com,Agender,9.21.78.40
506,Harcourt,Smout,hsmoute1@skyrock.com,Agender,88.237.161.154
507,Franz,Le Grand,flegrande2@stumbleupon.com,Male,3.61.194.241
508,Opaline,Rene,orenee3@bandcamp.com,Bigender,29.35.169.14
509,Clea,Esley,cesleye4@scribd.com,Genderqueer,15.32.247.237
510,Ariela,Lob,alobe5@tuttocitta.it,Genderqueer,116.213.81.199
511,Felicdad,Mosedale,fmosedalee6@bravesites.com,Genderfluid,135.138.21.233
512,Dugald,Byllam,dbyllame7@java.com,Polygender,230.148.39.113
513,Skipp,Swale,sswalee8@omniture.com,Polygender,90.152.150.7
514,Juieta,Cleland,jclelande9@xing.com,Polygender,87.137.152.120
515,Ax,Longley,alongleyea@economist.com,Genderqueer,118.203.124.122
516,Dorothea,Biggin,dbiggineb@cocolog-nifty.com,Polygender,248.66.191.196
517,Emera,Gamble,egambleec@ihg.com,Male,161.31.182.43
518,Conn,Garbett,cgarbetted@lycos.com,Genderfluid,8.175.214.240
519,Gibby,Kubis,gkubisee@yellowpages.com,Polygender,233.233.41.67
520,Ciel,Illem,cillemef@pinterest.com,Agender,139.65.73.236
521,Gerrie,Bockmann,gbockmanneg@stumbleupon.com,Bigender,42.244.63.35
522,Adorne,Bullivent,abulliventeh@desdev.cn,Non-binary,127.152.64.123
523,Rik,Barensky,rbarenskyei@fotki.com,Female,91.118.25.139
524,Astra,Dawidman,adawidmanej@arstechnica.com,Polygender,228.127.73.237
525,Caressa,De Atta,cdeattaek@hhs.gov,Genderqueer,10.164.72.68
526,Hermia,Denzey,hdenzeyel@opera.com,Non-binary,83.247.246.165
527,Candy,Lovick,clovickem@hexun.com,Agender,222.32.72.23
528,Elli,Sicha,esichaen@nytimes.com,Genderfluid,191.31.40.161
529,Dode,Brusle,dbrusleeo@baidu.com,Female,80.153.0.57
530,Clarisse,Beaver,cbeaverep@free.fr,Bigender,85.160.21.80
531,Nikola,Benfell,nbenfelleq@csmonitor.com,Genderqueer,177.173.221.166
532,Lief,Morson,lmorsoner@dell.com,Agender,161.114.31.55
533,Krystalle,Rosenqvist,krosenqvistes@abc.net.au,Agender,62.76.165.197
534,Cleavland,Undrill,cundrillet@tuttocitta.it,Female,38.242.237.196
535,Bibi,Copins,bcopinseu@parallels.com,Genderqueer,71.134.220.182
536,Trent,Hedger,thedgerev@marketwatch.com,Bigender,181.11.98.194
537,Sabrina,Gynni,sgynniew@de.vu,Non-binary,59.86.33.14
538,Wallas,Kettlesting,wkettlestingex@imageshack.us,Non-binary,160.30.13.226
539,Konstantine,Longo,klongoey@yahoo.com,Agender,236.94.27.192
540,Serge,Northage,snorthageez@hhs.gov,Non-binary,239.84.103.6
541,Yurik,Nerne,ynernef0@bluehost.com,Male,180.146.119.79
542,Maryl,Cady,mcadyf1@woothemes.com,Non-binary,110.53.106.93
543,Dorrie,Gresswood,dgresswoodf2@pcworld.com,Polygender,151.80.10.16
544,Brooke,Haws,bhawsf3@gov.uk,Male,145.0.160.91
545,My,Ayree,mayreef4@livejournal.com,Female,63.200.135.113
546,Lilli,Stockau,lstockauf5@amazon.de,Female,129.171.57.16
547,Stephi,Jorin,sjorinf6@seesaa.net,Non-binary,62.202.41.110
548,Titus,Hastilow,thastilowf7@twitpic.com,Polygender,217.91.89.255
549,Gerek,Wintour,gwintourf8@fc2.com,Male,56.229.200.85
550,Annmarie,Benting,abentingf9@google.co.jp,Genderfluid,52.132.113.186
551,Nealson,Weagener,nweagenerfa@answers.com,Male,9.112.51.208
552,Carl,Wadeson,cwadesonfb@addthis.com,Agender,104.30.37.28
553,Hetty,Banthorpe,hbanthorpefc@livejournal.com,Agender,72.69.248.134
554,Gwendolyn,Mabbs,gmabbsfd@drupal.org,Non-binary,232.10.51.40
555,Anestassia,Sifflett,asifflettfe@unesco.org,Agender,240.221.186.155
556,Rasia,Beckson,rbecksonff@stanford.edu,Agender,143.88.21.98
557,Raddy,Search,rsearchfg@livejournal.com,Polygender,156.128.40.40
558,Daisie,Seed,dseedfh@google.ru,Genderfluid,108.58.16.76
559,Sam,Torr,storrfi@indiegogo.com,Genderfluid,154.142.172.61
560,Milzie,Willshire,mwillshirefj@irs.gov,Male,88.224.156.68
561,Jerrome,Pender,jpenderfk@joomla.org,Bigender,254.90.55.20
562,Perle,Rowantree,prowantreefl@theguardian.com,Genderfluid,92.144.51.126
563,Orelia,Lagde,olagdefm@diigo.com,Male,69.64.2.152
564,Ferdinande,Hartropp,fhartroppfn@cnet.com,Bigender,49.204.255.81
565,Damon,Chardin,dchardinfo@umich.edu,Polygender,85.127.62.116
566,Gordie,Hartman,ghartmanfp@nba.com,Bigender,236.25.62.190
567,Sindee,Storkes,sstorkesfq@soup.io,Bigender,159.53.160.211
568,Balduin,Szymonwicz,bszymonwiczfr@homestead.com,Agender,18.212.195.86
569,Elfie,Verriour,everriourfs@cdc.gov,Bigender,182.135.73.197
570,Kattie,Bellwood,kbellwoodft@devhub.com,Male,194.207.22.209
571,Briggs,Eustace,beustacefu@comcast.net,Genderqueer,244.251.139.135
572,Osgood,Wotherspoon,owotherspoonfv@xing.com,Agender,41.170.12.129
573,Kippar,Bastick,kbastickfw@tinypic.com,Polygender,173.93.254.178
574,Ronald,Cromett,rcromettfx@usa.gov,Bigender,229.169.28.126
575,Lory,Wissbey,lwissbeyfy@pen.io,Genderqueer,193.186.206.59
576,Sabine,Scotford,sscotfordfz@icio.us,Male,218.243.208.249
577,Teodoro,Hirschmann,thirschmanng0@discovery.com,Male,138.249.135.200
578,Gayel,Andriolli,gandriollig1@bloglines.com,Bigender,135.145.129.60
579,Morgan,Sisey,msiseyg2@sciencedaily.com,Male,239.149.159.222
580,Teddy,Golding,tgoldingg3@dot.gov,Non-binary,43.204.39.39
581,Daniele,Del Dello,ddeldellog4@wunderground.com,Polygender,104.37.143.51
582,Aida,Bleas,ableasg5@oracle.com,Male,141.141.50.133
583,Madlen,Smalecombe,msmalecombeg6@nature.com,Female,178.216.116.27
584,Frederigo,Stockings,fstockingsg7@tamu.edu,Agender,23.203.169.119
585,Georges,Dearlove,gdearloveg8@shutterfly.com,Female,192.49.186.232
586,Adolf,Chiswell,achiswellg9@arstechnica.com,Genderfluid,58.119.53.135
587,Toddy,Nelthorp,tnelthorpga@unicef.org,Bigender,81.5.178.216
588,Essie,Pennycook,epennycookgb@unesco.org,Bigender,191.80.188.210
589,Fonsie,Zavittieri,fzavittierigc@acquirethisname.com,Agender,231.233.78.144
590,Ingaberg,Traves,itravesgd@xrea.com,Male,217.231.25.155
591,Carlyn,Gate,cgatege@vimeo.com,Polygender,114.84.23.5
592,Eberhard,Leman,elemangf@epa.gov,Agender,106.67.99.111
593,Thurston,Chessum,tchessumgg@discovery.com,Genderfluid,126.249.180.31
594,Danya,Payn,dpayngh@mashable.com,Female,114.221.137.121
595,Gaby,Vayne,gvaynegi@behance.net,Genderqueer,135.213.124.155
596,Starla,Feaveryear,sfeaveryeargj@scribd.com,Non-binary,161.77.199.163
597,Adena,Eye,aeyegk@dell.com,Genderfluid,233.48.243.241
598,Patsy,Espinha,pespinhagl@hao123.com,Male,193.93.6.228
599,Rochester,Clew,rclewgm@google.ru,Polygender,13.229.183.120
600,Adriena,MacCawley,amaccawleygn@ft.com,Genderfluid,23.168.230.3
601,Lorrie,Johnke,ljohnkego@dailymotion.com,Female,80.136.25.88
602,Valentia,Moysey,vmoyseygp@pcworld.com,Male,149.143.36.112
603,Desdemona,Aguilar,daguilargq@opera.com,Polygender,171.108.88.64
604,Scarlett,Wadwell,swadwellgr@ca.gov,Genderfluid,95.114.235.42
605,Wallis,Britner,wbritnergs@g.co,Non-binary,31.57.244.23
606,Fields,Arp,farpgt@geocities.jp,Genderqueer,126.242.75.227
607,Dru,Nickless,dnicklessgu@shareasale.com,Agender,195.37.50.154
608,Lora,Nield,lnieldgv@un.org,Polygender,235.25.2.55
609,Haskel,Balazin,hbalazingw@dion.ne.jp,Male,61.15.13.18
610,Rubie,Shreve,rshrevegx@mysql.com,Male,101.154.41.179
611,Lee,Girardi,lgirardigy@ask.com,Agender,225.245.213.94
612,Shirlene,Jerke,sjerkegz@oakley.com,Agender,219.31.102.88
613,Annmarie,Vedikhov,avedikhovh0@mapy.cz,Bigender,92.187.95.138
614,Marylin,Scrowby,mscrowbyh1@typepad.com,Agender,202.166.128.246
615,Brice,Louys,blouysh2@google.com,Male,134.160.148.175
616,Konstantine,Rodell,krodellh3@qq.com,Genderqueer,193.59.246.95
617,Sidonnie,Foskew,sfoskewh4@pcworld.com,Bigender,246.98.107.224
618,Ilka,Trayhorn,itrayhornh5@google.ru,Agender,159.223.140.52
619,Karee,Grellis,kgrellish6@mtv.com,Non-binary,183.159.87.108
620,Devland,Abramowsky,dabramowskyh7@360.cn,Female,66.105.102.22
621,Shanie,Soro,ssoroh8@nba.com,Male,179.15.0.94
622,Andrea,Abad,aabadh9@whitehouse.gov,Polygender,67.148.227.185
623,Franny,Alps,falpsha@xinhuanet.com,Non-binary,142.16.249.230
624,Lorinda,Broxap,lbroxaphb@g.co,Genderqueer,243.220.52.218
625,Cayla,Anstie,canstiehc@hostgator.com,Bigender,203.149.212.141
626,Janifer,Gaspard,jgaspardhd@usgs.gov,Genderfluid,32.175.6.124
627,Noemi,Kubicki,nkubickihe@businessweek.com,Male,226.10.248.36
628,Andras,Cookney,acookneyhf@techcrunch.com,Non-binary,222.226.77.118
629,Rod,Balcombe,rbalcombehg@360.cn,Bigender,232.23.252.176
630,Olwen,Gibbons,ogibbonshh@discuz.net,Non-binary,128.90.219.24
631,Ursola,Epine,uepinehi@tinyurl.com,Agender,152.94.129.141
632,Ingar,Gabriel,igabrielhj@apache.org,Bigender,224.204.145.66
633,Sax,Hakeworth,shakeworthhk@gravatar.com,Genderfluid,39.120.57.209
634,Donny,Pogosian,dpogosianhl@nps.gov,Genderfluid,180.166.61.59
635,Quintus,Liddle,qliddlehm@eventbrite.com,Genderqueer,185.130.39.42
636,Linn,Abramino,labraminohn@newyorker.com,Non-binary,106.135.62.136
637,Emanuele,Sidary,esidaryho@dyndns.org,Genderfluid,45.216.6.228
638,Gratiana,Dettmar,gdettmarhp@si.edu,Polygender,46.18.163.122
639,Gabey,Westerman,gwestermanhq@youku.com,Genderqueer,29.84.34.20
640,Vincenty,Meake,vmeakehr@twitpic.com,Bigender,39.114.168.32
641,Alejoa,Dunbar,adunbarhs@surveymonkey.com,Bigender,69.231.194.164
642,Mikaela,Shercliff,mshercliffht@instagram.com,Genderqueer,69.135.135.117
643,Zelig,Arndtsen,zarndtsenhu@feedburner.com,Agender,124.168.22.149
644,Krishna,Walaron,kwalaronhv@lulu.com,Genderfluid,193.211.191.213
645,Glenn,Uwins,guwinshw@state.gov,Genderqueer,204.163.101.6
646,Sinclare,Hoodlass,shoodlasshx@soundcloud.com,Bigender,60.66.149.86
647,Merry,Ibanez,mibanezhy@unc.edu,Polygender,101.168.94.248
648,Ines,Trumpeter,itrumpeterhz@mashable.com,Agender,250.46.28.178
649,Cammy,Wing,cwingi0@prweb.com,Bigender,53.20.42.251
650,Cleveland,Eveque,cevequei1@businesswire.com,Agender,66.184.28.218
651,Gawen,Goodband,ggoodbandi2@ihg.com,Polygender,28.191.223.127
652,Jeannie,Ingolotti,jingolottii3@plala.or.jp,Genderqueer,61.112.214.188
653,Andriana,Hadlow,ahadlowi4@newsvine.com,Non-binary,78.11.234.18
654,Carolyn,Orton,cortoni5@aol.com,Genderfluid,215.83.107.245
655,Jocko,Syson,jsysoni6@squidoo.com,Polygender,152.149.214.236
656,Frances,Machon,fmachoni7@ask.com,Female,81.247.28.231
657,Genevieve,Smeeth,gsmeethi8@weather.com,Bigender,142.35.191.200
658,Erin,Corrigan,ecorrigani9@prnewswire.com,Female,91.171.141.120
659,Stefania,Batie,sbatieia@icio.us,Bigender,181.153.21.224
660,Dillon,Cruces,dcrucesib@icio.us,Genderqueer,241.245.87.53
661,Modesta,Sommerscales,msommerscalesic@mail.ru,Bigender,82.6.131.251
662,Chrissy,Crittal,ccrittalid@zdnet.com,Genderfluid,71.90.213.104
663,Filmer,Halwood,fhalwoodie@un.org,Genderqueer,73.180.35.131
664,Bren,Terlinden,bterlindenif@soup.io,Agender,67.229.212.10
665,Briana,O'Sheeryne,bosheeryneig@webnode.com,Non-binary,123.27.253.96
666,Idalina,MacRanald,imacranaldih@biglobe.ne.jp,Polygender,90.116.70.110
667,Elita,O'Leary,eolearyii@chronoengine.com,Non-binary,231.68.18.219
668,Wilie,Teenan,wteenanij@sun.com,Polygender,34.163.92.184
669,Bennie,Askwith,baskwithik@xinhuanet.com,Non-binary,85.77.29.237
670,Gauthier,Coale,gcoaleil@freewebs.com,Genderqueer,55.191.196.61
671,Forster,Lomasney,flomasneyim@unicef.org,Genderfluid,128.200.95.192
672,Franciskus,Annott,fannottin@cocolog-nifty.com,Polygender,160.131.29.78
673,Abram,Cowton,acowtonio@theglobeandmail.com,Female,12.241.160.53
674,Newton,Fould,nfouldip@instagram.com,Genderfluid,110.173.97.10
675,Belia,Ortas,bortasiq@ftc.gov,Genderfluid,9.30.81.51
676,Samantha,Attard,sattardir@cnet.com,Bigender,28.104.216.193
677,Caron,Wavell,cwavellis@tinypic.com,Genderqueer,69.26.57.252
678,Jamima,MacKessock,jmackessockit@slideshare.net,Male,225.89.241.218
679,Reece,Janton,rjantoniu@fc2.com,Genderqueer,76.20.164.147
680,Auguste,Carleman,acarlemaniv@netvibes.com,Bigender,108.189.105.84
681,Brinna,Tytler,btytleriw@harvard.edu,Bigender,105.189.254.240
682,Daisi,Harby,dharbyix@github.com,Bigender,2.163.31.132
683,Jephthah,Klarzynski,jklarzynskiiy@sbwire.com,Genderfluid,68.231.163.64
684,Laurene,Cheston,lchestoniz@smugmug.com,Bigender,75.5.35.105
685,Valle,McDonnell,vmcdonnellj0@deliciousdays.com,Agender,136.97.71.197
686,Margarette,Basini-Gazzi,mbasinigazzij1@foxnews.com,Female,213.129.163.127
687,Stearne,Jones,sjonesj2@bravesites.com,Male,254.238.212.9
688,Stacie,Ollerenshaw,sollerenshawj3@bravesites.com,Non-binary,244.30.101.141
689,Eldredge,Heading,eheadingj4@hugedomains.com,Agender,228.43.106.196
690,Ralph,Beckey,rbeckeyj5@tamu.edu,Bigender,13.182.73.87
691,Torrance,Nicholl,tnichollj6@springer.com,Agender,110.142.114.127
692,Reyna,Mellody,rmellodyj7@huffingtonpost.com,Non-binary,195.174.98.135
693,Minne,Brigman,mbrigmanj8@columbia.edu,Genderqueer,223.163.15.233
694,Rufus,Cammacke,rcammackej9@wufoo.com,Polygender,214.242.179.212
695,Herrick,Martelet,hmarteletja@si.edu,Polygender,46.165.158.231
696,Alexia,Tallach,atallachjb@bizjournals.com,Male,56.74.39.216
697,Pyotr,Kime,pkimejc@amazon.co.uk,Polygender,102.111.145.58
698,Dion,Whetson,dwhetsonjd@netlog.com,Male,179.12.225.28
699,Joli,Pittman,jpittmanje@addthis.com,Bigender,198.103.186.252
700,Carr,Oby,cobyjf@goo.gl,Polygender,74.13.48.225
701,Boy,Koomar,bkoomarjg@e-recht24.de,Polygender,26.225.176.121
702,Osbourn,Dunkerley,odunkerleyjh@deliciousdays.com,Female,90.37.159.221
703,Tammy,Scawton,tscawtonji@yale.edu,Male,250.188.57.100
704,Redd,Dominique,rdominiquejj@engadget.com,Non-binary,84.8.93.10
705,Hetti,Tabbitt,htabbittjk@cbsnews.com,Non-binary,80.138.49.35
706,Vania,Freezer,vfreezerjl@who.int,Agender,45.170.226.36
707,Augustine,Smidmore,asmidmorejm@theguardian.com,Genderfluid,228.172.42.191
708,Darill,Gilluley,dgilluleyjn@so-net.ne.jp,Genderqueer,88.39.32.49
709,Demetria,Jarrold,djarroldjo@cdc.gov,Bigender,231.32.131.34
710,Mignonne,Epton,meptonjp@dropbox.com,Agender,19.61.208.114
711,Hunt,Jubert,hjubertjq@xrea.com,Non-binary,91.245.74.58
712,Jenelle,Bambridge,jbambridgejr@canalblog.com,Polygender,81.9.64.30
713,Taffy,Maypes,tmaypesjs@lycos.com,Agender,201.152.249.127
714,Elsworth,Paddy,epaddyjt@upenn.edu,Polygender,159.200.83.17
715,Phillip,Largent,plargentju@aboutads.info,Genderfluid,124.32.15.204
716,Zacharias,MacCaig,zmaccaigjv@auda.org.au,Bigender,174.214.225.76
717,Pembroke,Kempe,pkempejw@dagondesign.com,Bigender,70.181.136.20
718,Berti,Joscelin,bjoscelinjx@amazon.com,Genderqueer,167.190.32.175
719,Stinky,Widdicombe,swiddicombejy@reverbnation.com,Bigender,65.42.75.216
720,Karel,O'Gormally,kogormallyjz@blogtalkradio.com,Male,197.63.51.144
721,Rubina,Episcopi,repiscopik0@irs.gov,Female,252.99.50.170
722,Virgilio,Cozby,vcozbyk1@netvibes.com,Non-binary,249.142.202.213
723,Shaylyn,Amos,samosk2@delicious.com,Non-binary,125.192.148.188
724,Ward,Stennard,wstennardk3@dailymail.co.uk,Female,220.88.49.110
725,Payton,Sired,psiredk4@gnu.org,Male,209.155.130.142
726,Xaviera,Warke,xwarkek5@wisc.edu,Genderfluid,158.141.201.154
727,Alis,Guilford,aguilfordk6@reference.com,Female,228.89.72.205
728,Annaliese,Littlejohn,alittlejohnk7@mail.ru,Genderqueer,172.46.172.139
729,Jerrilyn,Pimme,jpimmek8@vimeo.com,Male,175.155.221.232
730,Lyndsay,Mulroy,lmulroyk9@nydailynews.com,Genderqueer,112.187.101.154
731,Regen,Lineker,rlinekerka@state.tx.us,Non-binary,94.113.126.19
732,Tracy,Winchurst,twinchurstkb@arstechnica.com,Genderqueer,198.204.102.127
733,Muffin,Scripps,mscrippskc@ning.com,Male,153.190.48.251
734,Buckie,Dutt,bduttkd@google.ru,Male,217.174.220.191
735,Isador,Harrowell,iharrowellke@ebay.co.uk,Genderfluid,134.27.156.180
736,Myrtie,Spinley,mspinleykf@walmart.com,Non-binary,184.196.180.209
737,Samson,Hearsey,shearseykg@nifty.com,Agender,134.60.129.248
738,Roxi,Myrtle,rmyrtlekh@nydailynews.com,Female,29.49.156.205
739,Dannie,Worthing,dworthingki@ovh.net,Bigender,31.51.202.86
740,Imogen,Lount,ilountkj@gmpg.org,Genderqueer,71.187.100.51
741,Thaddus,Moralas,tmoralaskk@alexa.com,Female,64.59.4.100
742,Cissiee,Wheowall,cwheowallkl@cdbaby.com,Agender,65.107.100.226
743,Tallulah,Carter,tcarterkm@google.de,Female,3.133.101.254
744,Shoshana,Rapier,srapierkn@wordpress.com,Genderqueer,114.235.68.66
745,Sunshine,Sprowles,ssprowlesko@mediafire.com,Genderqueer,55.88.252.73
746,Inge,Tremblet,itrembletkp@dot.gov,Male,165.151.232.147
747,Brana,Earthfield,bearthfieldkq@github.com,Genderqueer,23.89.14.23
748,Druci,Niece,dniecekr@nih.gov,Male,37.66.81.241
749,Thaddeus,Itzkin,titzkinks@is.gd,Non-binary,172.205.215.120
750,Osmond,Rendle,orendlekt@cloudflare.com,Male,158.219.99.165
751,Daveta,Brumfitt,dbrumfittku@barnesandnoble.com,Genderqueer,5.74.213.133
752,Lilllie,Sunner,lsunnerkv@tumblr.com,Non-binary,190.187.178.246
753,Stafani,Souten,ssoutenkw@china.com.cn,Polygender,253.89.38.17
754,Jamaal,Grgic,jgrgickx@furl.net,Agender,174.251.202.138
755,Davidson,Maffiotti,dmaffiottiky@admin.ch,Polygender,231.203.210.61
756,Gris,O'Hoolahan,gohoolahankz@accuweather.com,Non-binary,62.76.210.172
757,Harriette,Fitzjohn,hfitzjohnl0@go.com,Non-binary,20.127.68.33
758,Beryl,Giacomoni,bgiacomonil1@storify.com,Bigender,202.79.52.72
759,Nerte,Lound,nloundl2@slashdot.org,Bigender,195.77.173.11
760,Rollie,Bissiker,rbissikerl3@slashdot.org,Agender,213.252.217.124
761,Christine,Courvert,ccourvertl4@edublogs.org,Genderqueer,145.130.104.76
762,Crissy,Ethington,cethingtonl5@exblog.jp,Polygender,36.182.151.160
763,Chere,Iohananof,ciohananofl6@weibo.com,Genderqueer,243.154.202.81
764,Donna,Ankrett,dankrettl7@abc.net.au,Polygender,86.253.225.91
765,Bronson,Blockley,bblockleyl8@bbb.org,Male,19.92.172.44
766,Guillema,Kiddey,gkiddeyl9@nymag.com,Non-binary,104.127.17.37
767,Uriel,Fronek,ufronekla@slate.com,Polygender,213.204.140.100
768,Ofella,Darracott,odarracottlb@tripadvisor.com,Male,93.135.85.189
769,Gertrude,felip,gfeliplc@github.com,Genderqueer,231.10.141.130
770,Haleigh,Gokes,hgokesld@meetup.com,Genderqueer,11.31.219.49
771,Merle,Klemz,mklemzle@sina.com.cn,Polygender,79.152.165.50
772,Ava,Grindall,agrindalllf@theatlantic.com,Female,235.9.99.102
773,El,Collyer,ecollyerlg@mashable.com,Male,28.142.186.117
774,Eugine,Grelak,egrelaklh@sakura.ne.jp,Polygender,235.238.76.94
775,Jimmie,Fenne,jfenneli@businessinsider.com,Non-binary,47.42.228.209
776,Val,Dikels,vdikelslj@whitehouse.gov,Genderfluid,179.203.129.206
777,Lois,Jehan,ljehanlk@symantec.com,Polygender,36.115.226.227
778,Derril,Sydall,dsydallll@state.gov,Polygender,46.108.149.247
779,Cathi,Hulks,chulkslm@altervista.org,Bigender,179.138.220.54
780,Gwenneth,Jouannot,gjouannotln@walmart.com,Genderqueer,194.227.204.70
781,Guenna,Folliott,gfolliottlo@timesonline.co.uk,Genderqueer,98.149.145.248
782,Adrienne,Crain,acrainlp@wunderground.com,Female,122.218.204.159
783,Ruddy,Baynom,rbaynomlq@bluehost.com,Polygender,218.6.203.39
784,Iolande,Marshallsay,imarshallsaylr@intel.com,Bigender,49.111.172.131
785,Carolann,Balazin,cbalazinls@uol.com.br,Male,56.119.36.212
786,Cacilia,Bartoli,cbartolilt@ibm.com,Genderfluid,225.111.1.40
787,Iormina,Beceril,ibecerillu@oracle.com,Genderqueer,158.77.166.112
788,Branden,Capstaff,bcapstafflv@google.fr,Non-binary,21.202.30.212
789,Tova,Colbourne,tcolbournelw@pagesperso-orange.fr,Agender,198.222.163.93
790,Ebony,Popov,epopovlx@bloomberg.com,Agender,251.185.65.197
791,Cory,Hembrow,chembrowly@parallels.com,Female,196.146.243.180
792,Norah,Caves,ncaveslz@mozilla.com,Polygender,202.123.6.201
793,Jody,Campsall,jcampsallm0@nasa.gov,Non-binary,173.51.65.95
794,Marius,McDuffie,mmcduffiem1@infoseek.co.jp,Female,135.116.90.70
795,Dianna,Rosbrough,drosbroughm2@house.gov,Polygender,10.221.170.225
796,Beryl,Edess,bedessm3@qq.com,Bigender,182.87.179.84
797,Quentin,Tomaselli,qtomasellim4@mac.com,Genderfluid,187.73.147.189
798,Susanne,Lintall,slintallm5@facebook.com,Male,50.247.22.127
799,Karla,Hallgath,khallgathm6@yolasite.com,Genderfluid,241.226.16.150
800,Aylmer,Dechelette,adechelettem7@irs.gov,Genderqueer,222.134.30.234
801,Reider,Mouser,rmouserm8@va.gov,Female,150.191.151.36
802,Bobby,Smallpiece,bsmallpiecem9@furl.net,Male,109.199.11.179
803,Cher,Leah,cleahma@globo.com,Female,27.197.77.92
804,Godfrey,Lampel,glampelmb@who.int,Genderqueer,34.111.228.104
805,Lorrie,Ginity,lginitymc@kickstarter.com,Agender,176.221.44.230
806,Corissa,Towndrow,ctowndrowmd@skype.com,Polygender,50.255.197.47
807,Sherrie,Gisbye,sgisbyeme@posterous.com,Genderqueer,93.129.204.38
808,Harland,Noblett,hnoblettmf@dropbox.com,Female,71.242.87.247
809,Vin,La Wille,vlawillemg@usa.gov,Genderqueer,118.220.140.13
810,Martelle,Elsie,melsiemh@blinklist.com,Polygender,246.0.109.150
811,Sigfrid,Mundow,smundowmi@mac.com,Genderfluid,226.79.192.183
812,Myrwyn,Budik,mbudikmj@blogger.com,Bigender,122.205.124.105
813,Ernaline,Escalero,eescaleromk@digg.com,Female,0.212.135.30
814,Charlotte,Twede,ctwedeml@globo.com,Agender,19.234.105.16
815,Sisely,Sharpous,ssharpousmm@kickstarter.com,Male,120.1.66.91
816,Nara,Fowlestone,nfowlestonemn@blogtalkradio.com,Non-binary,46.166.168.103
817,Rockey,Kaas,rkaasmo@sphinn.com,Female,163.144.255.129
818,Ricca,Tours,rtoursmp@reference.com,Non-binary,231.35.34.210
819,Gill,Chastagnier,gchastagniermq@washington.edu,Polygender,51.232.104.168
820,Milty,Hartle,mhartlemr@creativecommons.org,Female,49.147.13.139
821,Debora,Drury,ddruryms@sitemeter.com,Genderqueer,160.199.216.138
822,Bellanca,Stickells,bstickellsmt@creativecommons.org,Female,49.138.159.19
823,Paolina,Neasam,pneasammu@whitehouse.gov,Female,193.167.53.220
824,Leisha,Willishire,lwillishiremv@slashdot.org,Agender,11.249.197.3
825,Dionysus,Dillingham,ddillinghammw@gravatar.com,Genderqueer,23.13.96.84
826,Genia,Rutley,grutleymx@answers.com,Agender,228.212.195.203
827,Hayyim,Drynan,hdrynanmy@wufoo.com,Male,13.59.50.188
828,Mary,Whitlow,mwhitlowmz@hugedomains.com,Agender,36.81.35.0
829,Jannel,Gooden,jgoodenn0@over-blog.com,Female,52.106.25.33
830,Charlotte,Gontier,cgontiern1@salon.com,Genderqueer,54.240.82.145
831,Ignazio,Steer,isteern2@eepurl.com,Genderfluid,134.206.61.159
832,Berty,Larmour,blarmourn3@ustream.tv,Male,216.73.151.214
833,Britta,Wilcott,bwilcottn4@java.com,Female,202.250.1.182
834,Abagail,Simonsen,asimonsenn5@canalblog.com,Genderqueer,80.4.18.157
835,Luciana,Melia,lmelian6@behance.net,Male,189.83.245.6
836,Fredric,Agirre,fagirren7@hc360.com,Genderfluid,242.58.12.46
837,Frankie,Gawen,fgawenn8@soundcloud.com,Non-binary,117.206.13.202
838,Theo,Eckart,teckartn9@skype.com,Polygender,161.221.184.205
839,Tiffany,Jorg,tjorgna@booking.com,Male,0.141.2.13
840,Elisabetta,Brushneen,ebrushneennb@epa.gov,Bigender,200.178.192.18
841,Kenny,Whiting,kwhitingnc@cdbaby.com,Polygender,179.77.112.30
842,Kelvin,Darville,kdarvillend@washingtonpost.com,Agender,87.59.119.124
843,Guido,Crangle,gcranglene@cpanel.net,Agender,133.174.142.204
844,Gisella,Juszczak,gjuszczaknf@chicagotribune.com,Female,199.239.2.251
845,Kaine,Lomasney,klomasneyng@google.ca,Non-binary,3.111.31.30
846,Gloriane,Woodman,gwoodmannh@sciencedirect.com,Male,239.116.80.2
847,Penelopa,Norcock,pnorcockni@ox.ac.uk,Non-binary,215.10.79.208
848,Gilberta,Sparkwill,gsparkwillnj@fda.gov,Agender,58.124.76.115
849,Bram,Dyzart,bdyzartnk@bbb.org,Genderqueer,57.229.16.3
850,Dur,Stait,dstaitnl@youtu.be,Non-binary,219.234.180.47
851,Ester,Linforth,elinforthnm@hud.gov,Female,37.123.30.45
852,Annnora,Lengthorn,alengthornnn@clickbank.net,Female,222.65.61.146
853,Latia,Gammett,lgammettno@telegraph.co.uk,Non-binary,0.203.52.74
854,Lexie,Durgan,ldurgannp@tuttocitta.it,Non-binary,181.98.173.99
855,Ferrell,Kurten,fkurtennq@domainmarket.com,Bigender,137.75.25.126
856,Sherlock,Harron,sharronnr@techcrunch.com,Non-binary,153.172.246.180
857,Harris,Kettlesting,hkettlestingns@wiley.com,Non-binary,135.73.183.234
858,Osbert,McPheat,omcpheatnt@jigsy.com,Bigender,52.151.80.184
859,Gibby,Shoebrook,gshoebrooknu@samsung.com,Agender,150.217.211.244
860,Jephthah,Gonsalvo,jgonsalvonv@princeton.edu,Non-binary,167.191.253.102
861,Milli,Pelfer,mpelfernw@cisco.com,Agender,33.83.187.154
862,Baldwin,Stokes,bstokesnx@narod.ru,Male,154.249.84.141
863,Umberto,Rilings,urilingsny@slideshare.net,Female,84.63.203.193
864,Wendye,de Banke,wdebankenz@washington.edu,Female,243.155.225.192
865,Tarra,Flanigan,tflanigano0@google.nl,Non-binary,231.207.159.252
866,Bonita,Simonel,bsimonelo1@narod.ru,Polygender,41.37.190.96
867,Andriette,Vice,aviceo2@clickbank.net,Male,143.168.192.126
868,Kandy,Cogley,kcogleyo3@bbc.co.uk,Non-binary,105.205.16.9
869,Penny,Spir,pspiro4@archive.org,Polygender,103.136.58.201
870,Edvard,Sexon,esexono5@smh.com.au,Polygender,239.6.114.197
871,Lindsy,Baron,lbarono6@ycombinator.com,Agender,147.70.202.244
872,Chandler,Hallan,challano7@seesaa.net,Genderqueer,128.82.34.4
873,Nichols,Standrin,nstandrino8@latimes.com,Bigender,171.127.7.10
874,Charles,Girardot,cgirardoto9@google.de,Female,104.182.34.133
875,Magdalene,MacCafferky,mmaccafferkyoa@twitpic.com,Non-binary,110.172.33.44
876,Stesha,Devanney,sdevanneyob@lycos.com,Polygender,134.180.241.53
877,Bern,Meeus,bmeeusoc@wikipedia.org,Genderqueer,31.150.64.17
878,Tammara,Golly,tgollyod@squidoo.com,Bigender,213.39.190.199
879,Korrie,Cockman,kcockmanoe@dion.ne.jp,Genderfluid,250.96.80.139
880,Roldan,Roseborough,rroseboroughof@sitemeter.com,Polygender,255.159.22.133
881,Grete,Rogeon,grogeonog@businessinsider.com,Female,42.51.165.179
882,Brena,Jacmar,bjacmaroh@dedecms.com,Bigender,21.248.68.166
883,Holmes,Pohlak,hpohlakoi@google.fr,Agender,244.248.147.70
884,Clemmie,Scriviner,cscrivineroj@ning.com,Genderqueer,149.81.211.68
885,Susanna,Omar,somarok@ning.com,Genderfluid,123.120.77.29
886,Ferd,Deards,fdeardsol@msu.edu,Male,243.11.173.210
887,Margaux,Geekie,mgeekieom@nature.com,Male,18.222.152.184
888,Shurwood,Woodberry,swoodberryon@plala.or.jp,Genderqueer,146.246.178.164
889,Fraser,Marchi,fmarchioo@ehow.com,Genderqueer,189.68.130.193
890,Anselm,Hegley,ahegleyop@discovery.com,Bigender,234.124.178.26
891,Nissa,Swidenbank,nswidenbankoq@latimes.com,Bigender,196.169.211.139
892,Martica,Martonfi,mmartonfior@squarespace.com,Bigender,193.153.31.119
893,Gaspar,Baltrushaitis,gbaltrushaitisos@bbb.org,Bigender,65.64.33.148
894,Hugues,McCloy,hmccloyot@wikimedia.org,Male,199.153.181.154
895,Ardys,Setford,asetfordou@google.com.hk,Agender,58.148.206.93
896,Huberto,Cars,hcarsov@pinterest.com,Male,112.139.6.29
897,Cinnamon,Serjent,cserjentow@bloglines.com,Male,100.90.58.212
898,Aldin,Sawart,asawartox@newsvine.com,Genderqueer,9.43.220.99
899,Fee,Dawtrey,fdawtreyoy@vinaora.com,Agender,188.241.229.247
900,Nick,Beyer,nbeyeroz@skype.com,Genderqueer,120.209.63.174
901,Danny,Elizabeth,delizabethp0@wp.com,Polygender,238.132.139.20
902,Roland,Di Filippo,rdifilippop1@friendfeed.com,Female,173.115.164.35
903,Myrna,Moan,mmoanp2@plala.or.jp,Genderqueer,206.170.16.64
904,Odella,Welldrake,owelldrakep3@miibeian.gov.cn,Genderfluid,229.156.114.64
905,Norbie,Siebart,nsiebartp4@goodreads.com,Agender,212.229.73.98
906,Nannette,Haile,nhailep5@surveymonkey.com,Genderqueer,146.238.111.36
907,Tab,Fortin,tfortinp6@nationalgeographic.com,Non-binary,249.127.94.120
908,Flo,Berthon,fberthonp7@studiopress.com,Polygender,31.104.33.151
909,Danica,Fearon,dfearonp8@hao123.com,Genderfluid,147.131.145.83
910,Dennis,Eles,delesp9@over-blog.com,Genderqueer,210.78.193.82
911,Elana,Dufour,edufourpa@wufoo.com,Agender,228.243.251.106
912,Whitney,Le Lievre,wlelievrepb@loc.gov,Male,113.175.244.249
913,Susann,Spinella,sspinellapc@cnn.com,Genderqueer,95.193.192.148
914,Dalis,Fontes,dfontespd@gnu.org,Polygender,97.30.32.14
915,Emalia,Jeavons,ejeavonspe@washingtonpost.com,Agender,54.185.189.145
916,Herby,Duthy,hduthypf@blogtalkradio.com,Genderfluid,83.133.13.179
917,Lillis,Peschke,lpeschkepg@mapquest.com,Female,37.246.76.202
918,Tad,Enterle,tenterleph@mac.com,Female,58.113.38.133
919,Bobbie,Dandie,bdandiepi@ftc.gov,Male,226.209.217.193
920,Claudie,MacMillan,cmacmillanpj@devhub.com,Non-binary,74.174.84.46
921,Dion,Ahearne,dahearnepk@thetimes.co.uk,Female,241.222.165.80
922,Yasmin,Bilbrook,ybilbrookpl@sitemeter.com,Polygender,235.185.5.130
923,Flossi,Patron,fpatronpm@mapquest.com,Genderqueer,179.86.44.108
924,Arabele,Olczak,aolczakpn@illinois.edu,Polygender,36.207.11.44
925,Gabrila,Krook,gkrookpo@mapy.cz,Genderfluid,200.206.115.149
926,Bennett,Esslement,besslementpp@china.com.cn,Non-binary,42.132.192.116
927,Wyatan,Chadbourne,wchadbournepq@xing.com,Agender,70.35.153.58
928,Ruben,Wandrack,rwandrackpr@seesaa.net,Female,71.23.15.99
929,Leonanie,Vido,lvidops@sina.com.cn,Genderfluid,38.150.101.197
930,Rina,Turvie,rturviept@bloglovin.com,Non-binary,12.192.239.166
931,Rebeca,Cobelli,rcobellipu@stanford.edu,Agender,97.240.243.222
932,Brandise,Blaxlande,bblaxlandepv@earthlink.net,Polygender,163.235.156.111
933,Muriel,Cobbin,mcobbinpw@imgur.com,Non-binary,196.42.16.104
934,Cosette,Petyankin,cpetyankinpx@apple.com,Genderfluid,188.196.245.116
935,Julie,Niave,jniavepy@ucoz.com,Genderfluid,12.73.118.17
936,Langston,Dello,ldellopz@walmart.com,Genderfluid,63.238.37.75
937,Dugald,Yeulet,dyeuletq0@flickr.com,Agender,87.238.103.37
938,Gianna,Fuke,gfukeq1@nps.gov,Genderqueer,179.166.216.105
939,Kristi,Meriguet,kmeriguetq2@so-net.ne.jp,Bigender,106.225.80.248
940,Vonnie,Minnis,vminnisq3@360.cn,Genderqueer,122.152.56.146
941,Ettore,Toppin,etoppinq4@tinypic.com,Agender,159.230.104.89
942,Dniren,Kimberly,dkimberlyq5@github.com,Non-binary,220.25.242.91
943,Sarajane,Sidebotham,ssidebothamq6@spotify.com,Female,95.205.108.15
944,Gus,Osgorby,gosgorbyq7@gizmodo.com,Non-binary,148.99.155.157
945,Emmett,Spellissy,espellissyq8@theglobeandmail.com,Bigender,13.10.214.203
946,Aundrea,Penticost,apenticostq9@51.la,Genderfluid,212.191.161.219
947,Tomasina,Lummus,tlummusqa@unc.edu,Male,167.77.237.223
948,Abbe,Woodall,awoodallqb@vinaora.com,Female,115.185.111.122
949,Marty,McGrory,mmcgroryqc@is.gd,Male,219.39.77.238
950,Amory,Peyes,apeyesqd@gov.uk,Agender,134.17.162.10
951,Nada,Kilian,nkilianqe@wix.com,Female,158.15.5.98
952,Heda,Geram,hgeramqf@biglobe.ne.jp,Genderfluid,216.134.90.82
953,Garrott,Pargetter,gpargetterqg@nymag.com,Genderfluid,218.154.200.105
954,Wells,Bearn,wbearnqh@bing.com,Polygender,207.83.210.35
955,Ralf,Ridgedell,rridgedellqi@engadget.com,Genderfluid,137.113.6.234
956,Ezechiel,Giamelli,egiamelliqj@acquirethisname.com,Genderqueer,255.146.57.235
957,Jamie,Tozer,jtozerqk@webeden.co.uk,Genderfluid,106.245.121.22
958,Gus,Copelli,gcopelliql@intel.com,Genderfluid,15.246.89.8
959,Alethea,Snookes,asnookesqm@cyberchimps.com,Genderqueer,183.115.39.33
960,Wilbur,Hancill,whancillqn@upenn.edu,Agender,218.203.221.4
961,Lilyan,Kinghorn,lkinghornqo@qq.com,Agender,24.71.178.115
962,Urson,Garter,ugarterqp@squidoo.com,Genderqueer,51.20.108.28
963,Mora,Gripton,mgriptonqq@behance.net,Male,116.0.43.55
964,Webster,Stoite,wstoiteqr@desdev.cn,Non-binary,141.80.55.102
965,Panchito,Scothron,pscothronqs@1688.com,Bigender,166.82.37.81
966,Trix,Sein,tseinqt@uiuc.edu,Male,68.163.90.85
967,Sheela,Shepherdson,sshepherdsonqu@bbb.org,Genderqueer,205.208.102.176
968,Adriane,Lamlin,alamlinqv@hugedomains.com,Male,254.58.29.50
969,Herb,Pye,hpyeqw@bloglines.com,Genderqueer,34.220.236.58
970,Katuscha,Maylour,kmaylourqx@paginegialle.it,Polygender,68.216.161.103
971,Candide,Coffelt,ccoffeltqy@rakuten.co.jp,Agender,229.168.81.254
972,Ashlin,Jirzik,ajirzikqz@drupal.org,Polygender,25.17.80.214
973,Carolus,Heggman,cheggmanr0@g.co,Non-binary,97.229.86.188
974,Nahum,Kiddy,nkiddyr1@boston.com,Polygender,162.85.112.3
975,Renado,Ingold,ringoldr2@si.edu,Polygender,148.21.242.162
976,Marena,Dahlgren,mdahlgrenr3@gnu.org,Non-binary,133.90.210.98
977,Roberto,Goodliffe,rgoodliffer4@unesco.org,Non-binary,237.105.39.180
978,Thayne,De Giorgis,tdegiorgisr5@usatoday.com,Bigender,124.20.108.249
979,Lynne,Popeley,lpopeleyr6@oakley.com,Bigender,243.189.140.104
980,Brocky,Hains,bhainsr7@rediff.com,Female,195.173.206.136
981,Pooh,Warkup,pwarkupr8@loc.gov,Agender,159.151.234.230
982,Hastings,Caudwell,hcaudwellr9@sogou.com,Female,139.151.205.89
983,Roy,Whitehorne,rwhitehornera@vinaora.com,Polygender,200.218.169.121
984,Shanda,Ionesco,sionescorb@ebay.com,Genderfluid,217.169.71.52
985,Richmound,Jean,rjeanrc@admin.ch,Polygender,89.26.3.114
986,Petronilla,McCracken,pmccrackenrd@tmall.com,Bigender,188.51.133.154
987,Nathan,Surmeyer,nsurmeyerre@amazonaws.com,Genderqueer,95.189.35.154
988,Ange,O'Nolan,aonolanrf@tiny.cc,Genderqueer,180.156.140.16
989,Eadie,Patinkin,epatinkinrg@ow.ly,Agender,142.219.74.83
990,Cris,Clerke,cclerkerh@blogger.com,Male,206.251.6.186
991,El,Ramelot,eramelotri@mozilla.com,Non-binary,126.171.24.237
992,Minne,Johansson,mjohanssonrj@gravatar.com,Male,255.237.175.227
993,Layney,Tollmache,ltollmacherk@bravesites.com,Non-binary,121.18.226.214
994,Court,Piaggia,cpiaggiarl@google.de,Genderqueer,70.116.73.245
995,Raul,Attrie,rattrierm@unesco.org,Female,39.109.38.150
996,Sam,Barley,sbarleyrn@ucsd.edu,Genderfluid,103.123.152.70
997,Odelle,Gisbye,ogisbyero@jugem.jp,Genderfluid,211.251.179.43
998,Radcliffe,Scamaden,rscamadenrp@amazon.de,Male,133.202.178.57
999,Terencio,Mullane,tmullanerq@narod.ru,Female,33.25.188.248
1000,Christean,Jacke,cjackerr@addthis.com,Agender,169.224.104.243
